Name,Address,Type,WorkingHour,Latitude,Longitude
MB Ba Đình,"28 Liễu Giai, phường Cống Vị, quận Ba Đình, thành phố Hà Nội",,"<p>Thời gian giao dịch<br />Thứ 2 đến thứ 6: 8h - 17h30 <br />Thứ 7: 8h - 12h</p>
<p>ĐT: 024.3767.4004<br />Fax: 024.6273.0555</p>",21.035037343326067,105.8140189421218
PGD Thuỵ Khuê,"Một phần tầng 1 vị trí L1-A-B tại dự án Tổ hợp văn phòng, dịch vụ thương mại, căn hộ và khu đỗ xe công cộng tại số 69B phố Thụy Khuê, Phường Thụy Khuê, Quận Tây Hồ, Thành phố Hà Nội",,<p>Thời gian giao dịch<br />Thứ 2 đến thứ 6: 8h - 17h30 </p><p>ĐT: 024.3728.2868 <br />Fax: 024.3728.2886</p>,21.041374872386598,105.82608703323933
MB Tràng An,"Lô L1-09A, tầng L1 tòa nhà Vincom Center Nguyễn Chí Thanh, số 54A đường Nguyễn Chí Thanh, phường Láng Thượng, quận Đống Đa, thành phố Hà Nội",,"<p>Thời gian giao dịch<br />Thứ 2 đến thứ 6: 8h - 17h30</p>
<p>ĐT: 024.3562.4218</p>","21,0235251","105,8094824"
PGD Võ Chí Công,"Tòa nhà N01-T4 Khu Đoàn ngoại giao, phường Xuân Tảo, quận Bắc Từ Liêm, thành phố Hà Nội",,<p>Thời gian giao dịch<br />Thứ 2 đến thứ 6: 8h - 17h30 </p><p>ĐT:   024.3724.6646/024.3767.4950/ 024.3726.2759<br />Fax:   024.3724.6647</p>,21.0628477,105.7955948
PGD Vĩnh Phúc I,"Tầng 1 và tầng 2 số 102, 103, 203 nhà  K2, khu 7.2 HA Vĩnh Phúc ,  Ba Đình - Hà Nội.",,<p>Thời gian giao dịch<br />Thứ 2 đến thứ 6: 8h - 17h30 </p><p>ĐT: 04.3761.1555 <br />Fax: 04.3761.1777</p>,21.0417308,105.80994989999999
PGD Hoàng Mai,"Tầng 1, 2 ô DV - 02, DV - 04, DV - 12, DV-14, khu chung cư @Homes dự án khu nhà ở xã hội tại ô đất C11 - ODK4, phường Yên Sở, quận Hoàng Mai, Hà Nội",,<p>ĐT: 024.3722. 8206<br />Fax: 024.3845 6027</p>,20.9680016,105.8678472
CN Tây Hồ,"Tầng 1, tầng 2, tầng 3, tầng 4 Số 28 đường Xuân La,phường Xuân La,Quận Tây Hồ - thành phố Hà Nội.",,<p>Thời gian giao dịch<br />Thứ 2 đến thứ 6: 8h - 17h30 <br />Thứ 7: 8h - 12h </p><p>ĐT: 024.3758.9142 <br />Fax: 024.3758.9141</p>,21.0624961119457,105.80777544313048
PGD Lạc Long Quân," Tầng 1, 2 Lô đất số 06 ô D9B, khu đấu giá quyền sử dụng đất, phường Xuân La, quận Tây Hồ, Hà Nội",,<p>Thời gian giao dịch<br />Thứ 2 đến thứ 6: 8h - 17h30 </p><p>ĐT: 024.3758.2082 <br />Fax: 024.3758.2084</p>,21.071739271835476,105.81217595186763
PGD Xuân Diệu,"Tầng 1 và một phần diện tích tầng 2 tòa nhà số 114 Xuân Diệu, phường Tứ Liên, quận Tây Hồ, thành phố Hà Nội",,<p>Thời gian giao dịch<br />Thứ 2 đến thứ 6: 8h - 17h30 </p><p>ĐT:  024.3718.6649<br />Fax:  024.3718.6648</p>,21.0629911,105.8293572
CN Thanh Xuân,"Một phần tầng 1, tầng 2 tòa nhà Gold Tower số 275 Nguyễn Trãi, phường Thanh Xuân Trung, quận Thanh Xuân, thành phố Hà Nội",,<p>Thời gian giao dịch<br />Thứ 2 đến thứ 6: 8h - 17h30 <br />Thứ 7: 8h - 12h </p><p>ĐT: 024.3854.5459 <br />Fax: 024.3854.0414</p>,20.993994,105.806949
MB Hồng Hà,"Tầng 1, số 160 Phùng Hưng,phường Phúc La, quận Hà Đông - thành phố Hà Nội.",,"<p>Thời gian giao dịch<br />Thứ 2 đến thứ 6: 8h - 17h30 <br />Thứ 7: 8h - 12h</p>
<p>ĐT: 024.3354.0983 <br />Fax: 024.3354.0984</p>",20.967647366882048,105.78792749444278
PGD Linh Đàm,"BT1,Ô 4, Bắc Linh Đàm, phường Đại Kim, quận Hoàng Mai - thành phố Hà Nội.",,<p>Thời gian giao dịch<br />Thứ 2 đến thứ 6: 8h - 17h30 <br />Thứ 7: 8h - 12h </p><p>ĐT: 024.3540.1166 <br />Fax: 024.3540.1780</p>,20.966957669828798,105.82616148462103
CN Tây Hà Nội,"Tầng 1, Tòa nhà Nam Cường KM4,đường Lê Văn Lương kéo dài, KĐTM Dương Nội, phường Dương Nội, quận Hà Đông, thành phố  Hà Nội.",,<p>Thời gian giao dịch<br />Thứ 2 đến thứ 6: 8h - 17h30 <br />Thứ 7: 8h - 12h </p><p>ĐT: 024.6325.0088 <br />Fax: 024.6325.0055</p>,20.974420,105.758534
PGD Hà Đông,"Một phần tầng 1, tầng 2 tòa tháp Thiên niên kỷ, số 4 đường Quang Trung, phường Yết Kiêu, quận Hà Đông, thành phố Hà Nội ",,<p>Thời gian giao dịch<br />Thứ 2 đến thứ 6: 8h - 17h30 <br />Thứ 7: 8h - 12h </p><p>ĐT: 024.3311.7322 <br />Fax: 024.3311.7325</p>,20.9732867,105.7782057
PGD Xuân Mai,"Số 51, tổ 6, khu Xuân Hà, thị trấn Xuân Mai, huyện Chương Mỹ, thành phố Hà Nội",,<p>Thời gian giao dịch<br />Thứ 2 đến thứ 6: 8h - 17h30 <br />Thứ 7: 8h - 12h </p><p>ĐT: 024.36612333<br />Fax: 024.6326.7360</p>,20.8998805,105.5778606
PGD Văn Phú," Một phần tầng 1 tòa nhà CT9, khu đô thị mới Văn Phú, phường Phú La, quận Hà Đông, thành phố Hà Nội ",,<p>Thời gian giao dịch<br />Thứ 2 đến thứ 6: 8h - 17h30 <br />Thứ 7: 8h - 12h </p><p>ĐT: 024.35.777.222 <br />Fax:024.33.552.928</p>,20.960077070522775,105.76766380479125
MB Hà Nội,"Tầng 1 tòa nhà số  17T2 KDT Trung Hoà Nhân Chính,phường Trung Hòa, quận Cầu Giấy, thành phố Hà Nội.",,"<p>Thời gian giao dịch<br />Thứ 2 đến thứ 6: 8h - 17h30 <br />Thứ 7: 8h - 12h</p>
<p>ĐT: 024.6281. 2956 <br />Fax: 024.6281. 2955</p>",21.00935734353622,105.80096264888766
PGD Xuân Thuỷ,Nhà số 3- Lô A- Khu D6- Đường Nguyễn Phong Sắc kéo dài - Khu đô thị mới Cầu Giấy- Phường Dịch Vọng- Quận Cầu Giấy-Thành phố Hà Nội,,<p>Thời gian giao dịch<br />Thứ 2 đến thứ 6: 8h - 17h30 <br />Thứ 7: 8h - 12h </p><p>ĐT: 024.6 2515.566 <br />Fax: 024.62515.588</p>,21.032039822365732,105.78876823900907
PGD Nghĩa Tân,"A2, Đơn nguyên 2, đường Nguyễn Khánh Toàn, quận Cầu Giấy, thành phố  Hà Nội.",,<p>Thời gian giao dịch<br />Thứ 2 đến thứ 6: 8h - 17h30 </p><p>ĐT: 024.62693.696</p>,21.038840364637025,105.79633315612796
PGD Nam Trung Yên,"Ô số 10 ( Khu tái định cư Tại chỗ), đường Trung Yên 1, KĐTM Trung Yên, Phường Yên Hòa, Quận Cầu Giấy,thành phố  Hà Nội",,<p>Thời gian giao dịch<br />Thứ 2 đến thứ 6: 8h - 17h30 </p><p>ĐT: 024.6255.5111 <br />Fax: 024.6255.5000</p>,21.01965030956726,105.8007173860749
PGD Trung Văn,"Tầng 1, tòa nhà HH2 Bắc Hà, số 15 phố Tố Hữu, phường Nhân Chính, quận Thanh Xuân, thành phố Hà Nội.",,<p>Thời gian giao dịch<br />Thứ 2 đến thứ 6: 8h - 17h30 </p><p>ĐT: 024 33131333<br />Fax: 024 33858333</p>,20.9977287,105.79523990000007
CN Điện Biên Phủ,"Số 28A, Điện Biên Phủ, quận  Ba Đình - thành phố Hà Nội",,<p>Thời gian giao dịch<br />Thứ 2 đến thứ 6: 8h - 17h30 <br />Thứ 7: 8h - 12h </p><p>ĐT: 024.3823.2883 <br />Fax: 024.3823.3335</p>,21.03155694905277,105.84055690907599
PGD Lý Nam Đế,"Số 14C  Lý Nam Đế, quận  Hoàn Kiếm - thành phố Hà Nội",,<p>Thời gian giao dịch<br />Thứ 2 đến thứ 6: 8h - 17h30 </p><p>ĐT: 024.3733.1668 <br />Fax: 024.3747.8121</p>,21.037705487065335,105.84540634297491
PGD Bạch Mai,"Một phần tầng 1, tòa nhà TTTM Chợ Mơ, 459C Bạch Mai, phường Trương Định, quận Hai Bà Trưng, thành phố Hà Nội",,"<p>Thời gian giao dịch<br />Thứ 2 đến thứ 6: 8h - 17h30</p>
<p>ĐT: 024.3225.2266 <br />Fax: 024.3634.3014</p>",20.9965352,105.8481234
PGD Hà Thành,"Tầng 1, tầng 2, tầng 3, tầng 4, tầng 5 số 47 phố Phan Đình Phùng, phường Quán Thánh, quận Ba Đình, Hà Nội",,"<p>Thời gian giao dịch<br />Thứ 2 đến thứ 6: 8h - 17h30</p>
<p>ĐT: 024.6273.4122 <br />Fax: 024.6273.4132</p>",21.0402976,105.8427733
PGD Hoàng Cầu,"Tầng 2,3,4 số 67 Trần Quang Diệu, phường Ô Chợ Dừa, quận Đống Đa, thành phố Hà Nội.",,<p>Thời gian giao dịch<br />Thứ 2 đến thứ 6: 8h - 17h30 </p><p>ĐT: 024.6258.9888 <br />Fax: 024.6250.9888</p>,21.0150089,105.82410749999997
MB Vạn Phúc,"B-TT01-55, B-TT01-57, khu nhà ở Ngân Hà Vạn Phúc, phường Vạn Phúc, quận Hà Đông, Hà Nội",,"<p>Thời gian giao dịch<br />Thứ 2 đến thứ 6: 8h - 17h30</p>
<p>ĐT: 024.3628.3628</p>",20.9845008,105.7747675
CN Đống Đa,"Một phần tầng 1, tầng 2 tòa nhà Trụ sở làm việc Trung tâm Phát thanh truyền hình Quân đội, số 165 Xã Đàn, phường Nam Đồng, quận Đống Đa, thành phố Hà Nội",,<p>Thời gian giao dịch<br />Thứ 2 đến thứ 6: 8h - 17h30 <br />Thứ 7: 8h - 12h </p><p>ĐT: 024.3563.9759 <br />Fax: 024.3563.9762</p>,21.015406797939906,105.83274290080258
PGD  Tây Sơn,"Tầng 1, 3 tòa nhà số 539 - 539A, phố Vũ Tông Phan, phường Khương Đình, quận Thanh Xuân, thành phố Hà Nội",,<p>Thời gian giao dịch<br />Thứ 2 đến thứ 6: 8h - 17h30 </p><p>ĐT: 024.7306.9991</p>  <p>Fax: 024.7306.9993</p>,20.9850921,105.814667
PGD Thành Công,"Ô số 8 tầng 1, ô số 3 tầng 8 Tòa nhà Văn phòng Sông Hồng, số 165 đường Thái Hà, phường Láng Hạ, quận Đống Đa, thành phố Hà Nội",,<p>Thời gian giao dịch<br />Thứ 2 đến thứ 6: 8h - 17h30 </p><p>ĐT: 024.3773.6468 <br />Fax: 024.3776.7778</p>,21.01461194409367,105.8175860276474
PGD Nam Hà Nội,"Một phần tầng 1, tầng 2 tòa nhà số 8 Phạm Ngọc Thạch, phường Kim Liên, quận Đống Đa, thành phố Hà Nội",,<p>Thời gian giao dịch<br />Thứ 2 đến thứ 6: 8h - 17h30 </p><p>ĐT: 024.3577.1991</p>  <p>Fax: 024.3577.1995</p>,21.0089051,105.8335001
MB Thái Thịnh,"Số 71, 73 Thái Thịnh,phường Thịnh Quang, quận Đống Đa -  thành phố Hà Nội.",,"<p>Thời gian giao dịch<br />Thứ 2 đến thứ 6: 8h - 17h30</p>
<p>ĐT:  024.3885.5555<br /><br /></p>",21.010284,105.81858899999997
CN Hoàng Quốc Việt,"Số 126 đường Hoàng Quốc Việt,phường Nghĩa Tân, quận Cầu Giấy -  thành phố Hà Nội.",,<p>Thời gian giao dịch<br />Thứ 2 đến thứ 6: 8h - 17h30 <br />Thứ 7: 8h - 12h </p><p>ĐT: 024.3755.4303 <br />Fax: 024.3755.4304</p>,21.0460436,105.79406770000003
PGD Từ Liêm,"Một phần tầng 1 và tầng 2 khu nhà ở cao tầng kết hợp hành chính đơn vị và nhà ở thấp tầng NO - CT2 thuộc dự án ""Hải Đăng City"", số 08 đường Lê Đức Thọ, phường Mỹ Đình 2, quận Nam Từ Liêm, thành phố Hà Nội",,"<p>Thời gian giao dịch<br />Thứ 2 đến thứ 6: 8h - 17h30</p>
<p>ĐT: 024.3763.2336 <br />Fax: 024.3763.2339</p>",21.0350067,105.769916
PGD Nam Thăng Long,"Một phần tầng 1 tòa nhà A2 Chung cư Green Star - KĐT thành phố Giao lưu - số 232 đường Phạm Văn Đồng, phường Cổ Nhuế 1, quận Bắc Từ Liêm, thành phố Hà Nội",,<p>Thời gian giao dịch<br />Thứ 2 đến thứ 6: 8h - 17h30 </p><p>ĐT: 089.899.6669; 076.393.7666</p>,21.06677241761824,105.7848527922547
CN Thăng Long,"Số 34, Láng Hạ, quận Đống Đa, thành phố Hà Nội.",,<p>Thời gian giao dịch<br />Thứ 2 đến thứ 6: 8h - 17h30 <br />Thứ 7: 8h - 12h </p><p>ĐT: 024.6255.8668 <br />Fax: 024.6269.6886</p>,21.0147626,105.81320840000001
PGD Lê Trọng Tấn,"Số 164, phố Lê Trọng Tấn, quận Thanh Xuân - thành phố Hà Nội.",,<p>Thời gian giao dịch<br />Thứ 2 đến thứ 6: 8h - 17h30 <br />Thứ 7: 8h - 12h </p><p>ĐT: 024.3565.6610 <br />Fax: 024.3565.6612</p>,20.994078752688146,105.83158976788945
PGD Giải Phóng,"Một phần tầng 1 và tầng lửng tòa nhà HH2 Dự án Khu hỗn hợp nhà ở, dịch vụ công cộng, văn phòng và trường học (tên thương mại Imperial Plaza) tại địa chỉ số 360 đường Giải Phóng, phướng Phương Liệt, quận Thanh Xuân, thành phố Hà Nội",,<p>Thời gian giao dịch<br />Thứ 2 đến thứ 6: 8h - 17h30 <br />Thứ 7: 8h - 12h </p><p>ĐT: 024.3664.8982 <br />Fax: 024.3664.8981</p>,20.9963077,105.8413748
PGD Nhân Chính,"Tầng 1, tòa nhà Thăng Long, Số 98 Ngụy Như Kon Tum, phường Nhân Chính, quận Thanh Xuân,-  thành phố Hà Nội.",,<p>Thời gian giao dịch<br />Thứ 2 đến thứ 6: 8h - 17h30 </p><p>ĐT: 024.6265.4888</p>,21.001349854760402,105.80463130859835
MB Hoàn Kiếm,"Một phần tầng hầm 01, tầng 01, tầng 02 Tòa nhà số 3A Quang Trung, phường Tràng Tiền, quận Hoàn Kiếm, thành phố Hà Nội",,"<p>Thời gian giao dịch<br />Thứ 2 đến thứ 6: 8h - 17h30 <br />Thứ 7: 8h - 12h</p>
<p>ĐT: 024.3936.7799 <br />Fax: 024.3938.6106</p>",21.025887,105.850219
MB Thủ Đô,"Một phần tầng 1, tầng 12 tòa nhà Vinafor số 127 Lò Đúc, phường Đông Mác, quận Hai Bà Trưng, thành phố Hà Nội",,"<p>Thời gian giao dịch<br />Thứ 2 đến thứ 6: 8h - 17h30</p>
<p>ĐT: 024.39723.880<br />Fax: 024.32020.230</p>",21.0133789,105.8579696
PGD Đông Hà Nội,"Số 63 đường Cổ Linh, phường Thạch Bàn, quận Long Biên, thành phố Hà Nội.",,"<p>Thời gian giao dịch<br />Thứ 2 đến thứ 6: 8h - 17h30</p>
<p>ĐT: 024.3923.2991 <br />Fax: 024.3923.2990</p>","21,022218","105,6008658"
PGD Nguyễn Du,"Một phần tầng 1, tầng 2 tòa nhà số 68 phố Nguyễn Du, phường Nguyễn Du, quận Hai Bà Trưng, Thành phố Hà Nội",,"<p>Thời gian giao dịch<br />Thứ 2 đến thứ 6: 8h - 17h30</p>
<p>ĐT:  024.3941.2345<br />Fax: 024.3941.2568</p>",21.0195309,105.8455937
PGD Lý Thái Tổ,"Một phần tầng 1, tầng 2 tòa nhà số 17 phố Tông Đản, Phường Tràng Tiền, Quận Hoàn Kiếm, Thành phố Hà Nội ",,<p>Thời gian giao dịch<br />Thứ 2 đến thứ 6: 8h - 17h30 </p><p>ĐT: 024.3355.2999<br />Fax: 024.3355.2899</p>,21.026846238999067,105.85772638562537
PGD Bà Triệu,"Tầng 1 đến tầng 5 tòa nhà số 18 phố Ngô Quyền, Phường Tràng Tiền, Quận Hoàn Kiếm, Thành phố Hà Nội",,<p>Thời gian giao dịch<br />Thứ 2 đến thứ 6: 8h - 17h30 </p><p>ĐT: 024.3217.1818 <br />Fax: 024.3717.3037</p>,21.025253798488606,105.85443967168884
CN Long Biên,"Tầng 1,3,4,5 số 137 C Nguyễn Văn Cừ , Phường Ngọc Lâm, quận Long Biên, thành phố Hà Nội.",,<p>Thời gian giao dịch<br />Thứ 2 đến thứ 6: 8h - 17h30 <br />Thứ 7: 8h - 12h </p><p>ĐT:  024.3652.3848<br />024. 3652. 3833<br />Fax:  024.3652.3818</p>,21.042750614227202,105.87040104495236
PGD Ngô Gia Tự,"Số 32, đường Ngô Gia Tự, phường Đức Giang, quận Long Biên, thành phố Hà Nội",,<p>Thời gian giao dịch<br />Thứ 2 đến thứ 6: 8h - 17h30 </p><p>ĐT: 024.3873.3923 <br />Fax: 024.3873.6096</p>,21.056928,105.88974299999995
CN Gia Lâm,"Số 132 - 134 đường Ngô Xuân Quảng, thị trấn Trâu Quỳ, huyện Gia Lâm, TP Hà Nội.",,<p>Thời gian giao dịch<br />Thứ 2 đến thứ 6: 8h - 17h30 <br />Thứ 7: 8h - 12h </p><p>ĐT: 024.3387.6999<br />Fax: 024.3385.7979</p>,21.0138938,105.93634309999993
PGD Yên Viên,"Tầng 1, số 467 đường Hà Huy Tập, thị trấn Yên Viên, huyện Gia Lâm, thành phố Hà Nội.",,<p>Thời gian giao dịch<br />Thứ 2 đến thứ 6: 8h - 17h30 </p><p>ĐT: 024.62763555<br />Fax: 024.62614568</p>,21.0892376,105.92112710000004
MB Sóc Sơn,"Một phần tầng 1, tầng 2 tòa nhà tại Thửa đất số 208, 209 tờ bản đồ số 02, tổ 12, thị trấn Sóc Sơn, huyện Sóc Sơn, thành phố Hà Nội",,"<p>Thời gian giao dịch<br />Thứ 2 đến thứ 6: 8h - 17h30</p>
<p>ĐT: 024.6263.0686 <br />Fax: 024.6263.0685</p>",21.2556064,105.84807
CN Hai Bà Trưng,"Một phần tầng 1, khu văn phòng, tòa nhà Tower 1, số 458 phố Minh Khai, phường Vĩnh Tuy, quận Hai Bà Trưng, Hà Nội ",,<p>Thời gian giao dịch<br />Thứ 2 đến thứ 6: 8h - 17h30 <br />Thứ 7: 8h - 12h </p><p>ĐT: 024.3974.7100 <br />Fax: 024.3974.7104</p>,20.9948639,105.8634586
PGD Minh Khai,"Tầng 1,2,3,4 số 409, tổ 52, Phố Kim Ngưu, Phường Vĩnh Tuy, Quận Hai Bà Trưng, Thành phố Hà Nội",,<p>Thời gian giao dịch<br />Thứ 2 đến thứ 6: 8h - 17h30 </p><p>ĐT: 024.3633.2285 <br />Fax: 024.3633.2306</p>,20.99830552031963,105.86212793646246
MB Thường Tín,"Một phần tầng 1, tầng 2 tòa nhà tại lô số 2, cụm công nghiệp Hà Bình Phương, xã Hà Hồi, huyện Thường Tín, Hà Nội",,"<p>Thời gian giao dịch<br />Thứ 2 đến thứ 6: 8h - 17h30</p>
<p>ĐT: 024.3944.6868 <br />Fax: 024.3944.5404</p>",20.871081,105.872479
PGD Vân Hồ,"Số 29 Lê Đại Hành, Phường Lê Dại Hành, Quận Hai Bà Trưng, thành phố Hà Nội.",,<p>Thời gian giao dịch<br />Thứ 2 đến thứ 6: 8h - 17h30 </p><p>ĐT:  024.6278.1842<br />Fax:  024.3974.7104</p>,21.0100736,105.84968550000008
PGD Tân Mai,"Số 641, nhà H5, TT Tân Mai, phường Tân Mai, quận Hoàng Mai, Hà Nội",,<p>Thời gian giao dịch<br />Thứ 2 đến thứ 6: 8h - 17h30 </p><p>ĐT: 024.3662.9006 <br />Fax: 024.3662.9007</p>,20.983456017341457,105.851265617791
CN Mỹ Đình,"Tầng 1, tầng 2 nhà B, Tòa nhà HH4 SongDa TwinTower, đường Phạm Hùng, phường Mỹ Đình 1, quận Nam Từ Liêm, thành phố Hà Nội",,<p>Thời gian giao dịch<br />Thứ 2 đến thứ 6: 8h - 17h30 <br />Thứ 7: 8h - 12h </p><p>ĐT: 024.3785.5414 <br />Fax: 024.3785.5410</p>,21.018120358468384,105.78102808615802
PGD Đông Đô,"Một phần tầng 1 tòa nhà NTHome số 109 phố Nhổn, phường Phương Canh, quận Nam Từ Liêm, Hà Nội",,"<p>Thời gian giao dịch<br />Thứ 2 đến thứ 6: 8h - 17h30</p>
<p>ĐT: 024.3780.5167</p>",21.055391,105.7305762
PGD Mỹ Đình I,"Kios số 03, lô đất 1.A.IV KĐTM Mỹ Đình 1, phường Cầu Diễn, quận Nam Từ Liêm, thành phố Hà Nội ",,<p>Thời gian giao dịch<br />Thứ 2 đến thứ 6: 8h - 17h30 </p><p>ĐT: 024.6283.3999 <br />Fax: 024.6283.6699</p>,21.0307512608954,105.7645780982698
PGD Đan Phượng,"Km 21, Quốc Lộ 32, Thị trấn Phùng, Đan Phượng - Hà Nội.",,<p>Thời gian giao dịch<br />Thứ 2 đến thứ 6: 8h - 17h30 <br />Thứ 7: 8h - 12h </p><p>ĐT: 024.3388.7699 <br />Fax: 024.3388.7667</p>,21.085722554905033,105.66234373059683
CN Sơn Tây,"Số 135 Chùa Thông, phường Sơn Lộc, thị xã Sơn Tây, Hà Nội",,"<p>Thời gian giao dịch<br />Thứ 2 đến thứ 6: 8h - 17h30 <br />Thứ 7: 8h - 12h</p>
<p>ĐT: 024.33854.222 <br />Fax: 024.33734.236 </p>",21.119946,105.4986506
PGD Ba Vì,"Thửa đất số 253, tờ bản đồ số 04, thôn Vĩnh Phệ, xã Chu Minh, huyện Ba Vì, Tp. Hà Nội.",,<p>Thời gian giao dịch<br />Thứ 2 đến thứ 6: 8h - 17h30 </p><p>ĐT: 024.33.960.456 <br />Fax: 024.33.960.288</p>,21.193693005581366,105.43057130314946
MB Đông Anh,"Thửa đất số khu A, thị trấn Đông Anh, huyện Đông Anh, thành phố Hà Nội",,"<p>Thời gian giao dịch<br />Thứ 2 đến thứ 6: 8h - 17h30 <br />Thứ 7: 8h - 12h</p>
<p>ĐT: 024.6264.6286 <br />Fax: 024.6264.6266</p>",21.1411666155449,105.845370764411
CN Hưng Yên,"Tầng 1, tầng 5, tòa nhà Viettel Hưng Yên, số 537 đường Nguyễn Văn Linh, Phường  Hiến Nam, thành phố  Hưng Yên, Tỉnh Hưng Yên",,<p>Thời gian giao dịch<br />Thứ 2 đến thứ 6: 7h30 - 17h <br />Thứ 7: 7h30 - 11h30 </p><p>ĐT: 0221.6256.666<br />Fax: 0221.6255.566</p>,20.655244827417558,106.05859098717201
PGD Châu Giang,"Thửa đất số 123, tờ bản đồ số 06,  thị trấn Khoái Châu, huyện Khoái Châu, tỉnh Hưng Yên",,<p>Thời gian giao dịch<br />Thứ 2 đến thứ 6: 8h - 17h</p><p>ĐT: 0221.6256 555<br />Fax: 0221.6251 005</p>,20.8313956,105.98099639999998
PGD Phố Nối,"Thửa đất số 107, tờ bản đồ số 27, Quốc lộ 5, thị trấn Bần Yên Nhân, huyện Mỹ Hào, tỉnh Hưng Yên",,<p>Thời gian giao dịch<br />Thứ 2 đến thứ 6: 7h30 - 17h <br />Thứ 7: 7h30 - 11h30 </p><p>ĐT: 0221.627.3386<br />Fax: 0221.627.3303</p>,20.934230668723558,106.05520802656702
CN Bắc Ninh,"Tầng 1, Tầng 2 và Tầng 9 Tòa nhà trụ sở Ngân hàng TMCP Quân Đội Chi nhánh Bắc Ninh: Số 24  đường Lý Thái Tổ, phường Đại Phúc, thành phố Bắc Ninh, tỉnh Bắc Ninh",,<p>Thời gian giao dịch<br />Thứ 2 đến thứ 6: 8h - 17h30 <br />Thứ 7: 8h - 12h </p><p>ĐT: 0222.6262.888<br />Fax: 0222.6262.999</p>,21.17740520137351,106.06887549469002
PGD Yên Phong,"Tầng 1, tầng 2, tòa nhà Ven bắc đường TL286, khu ao Dân quân, phố Chờ, thị trấn Chờ, huyện Yên Phong, tỉnh Bắc Ninh",,"<p>Thời gian giao dịch<br />Thứ 2 đến thứ 6: 8h - 17h30</p>
<p>ĐT: 0222.6262277 <br />Fax: 0222.6262288</p>",21.195026,105.953235
CN Hải Phòng,"Tầng 1, tầng 2 và tầng 10 tòa nhà Ngân hàng TMCP Quân Đội – Chi nhánh Hải Phòng, thửa đất số 06, lô 30A, khu đô thị mới Ngã 5 Sân bay Cát Bi, đường Lê Hồng Phong, phường Lạc Viên, quận Ngô Quyền, thành phố Hải Phòng",,<p>Thời gian giao dịch<br />Thứ 2 đến thứ 6: 8h - 17h30 <br />Thứ 7: 8h - 12h </p><p>ĐT: 02256.261.555<br />Fax: 02256.261.123</p>,20.860243899676693,106.69587591718823
MB Lạch Tray,"Số 10 phố Hồ Sen, phường Trại Cau, quận Lê Chân, thành phố Hải Phòng",,"<p>Thời gian giao dịch<br />Thứ 2 đến thứ 6: 8h - 17h30 <br />Thứ 7: 8h - 12h</p>
<p>ĐT: 0225.6266.262<br />Fax: 0225.6266.282</p>",20.850288751134,106.680731341771
PGD Hải An,"Số 206, 216  đường Văn Cao, phường  Đằng Giang - quận Ngô Quyền- thành phố Hải Phòng.",,<p>Thời gian giao dịch<br />Thứ 2 đến thứ 6: 8h - 17h30 <br />Thứ 7: 8h - 12h </p><p>ĐT: 02253.727.556<br />Fax: 02253.727.559</p>,20.834637601163106,106.70173669084204
MB Kiến An,"Số 01+02/NO 05 Khu đô thị và nhà ở Cựu Viên, Quận Kiến An, Thành phố Hải Phòng",,"<p>Thời gian giao dịch<br />Thứ 2 đến thứ 6: 8h - 17h30</p>
<p>Thứ 7: 8h - 12h</p>
<p>ĐT: 02256.250.333<br />Fax: 02256.250.366</p>",20.822354577887904,106.64017520363541
PGD Vạn Mỹ,"Sồ 341 Đà Nẵng, phường Vạn Mỹ,Quận Ngô Quyền, Thành phố Hải Phòng",,<p>Thời gian giao dịch<br />Thứ 2 đến thứ 6: 8h - 17h30 <br />Thứ 7: 8h - 12h </p><p>ĐT: 02256.266.269<br />Fax: 02256.266.289</p>,20.861178537552572,106.71417772137568
MB Nam Hải Phòng,"Một phần tầng 1, 2 tòa nhà H1 Hoàng Huy Commerce, phường Kênh Dương và phường Vĩnh Niệm, quận Lê Chân, thành phố Hải Phòng",,"<p>Thời gian giao dịch<br />Thứ 2 đến thứ 6: 8h - 17h30 <br />Thứ 7: 8h - 12h</p>
<p>ĐT: 0225.6266.288<br />Fax: 0225.6266.268</p>",20.828378024360976,106.68579758605907
PGD Lê Hồng Phong,"Số 136 Khu phố 3/2 thị trấn Vĩnh Bảo, huyện Vĩnh Bảo, thành phố Hải Phòng",,"<p>Thời gian giao dịch<br />Thứ 2 đến thứ 6: 8h - 17h30 <br />Thứ 7: 8h - 12h</p>
<p>ĐT: 0225.3826055<br />Fax: 0225.3826057</p>",20.6933456,106.4837932
CN Bắc Hải Phòng,"Số 5 đường Trần Hưng Đạo, phường Hoàng Văn Thụ, quận Hồng Bàng, thành phố Hải Phòng",,<p>Thời gian giao dịch<br />Thứ 2 đến thứ 6: 8h - 17h30 <br />Thứ 7: 8h - 12h </p><p>ĐT: 02253.745.747<br />Fax: 02253.822.448</p>,20.859625898486982,106.68654409837327
PGD Lê Chân,"Số 146 Tôn Đức Thắng, quận Lê Chân - thành phố Hải Phòng.",,<p>Thời gian giao dịch<br />Thứ 2 đến thứ 6: 8h - 17h30 <br />Thứ 7: 8h - 12h </p><p>ĐT: 02253.260.268<br />Fax: 02253.260.269</p>,20.848289489006543,106.66548185700833
PGD Thuỷ Nguyên,"TTTM Bắc Mật, Ngã Tư TT Núi Đèo, huyện Thuỷ Nguyên - thành phố Hải Phòng.",,<p>Thời gian giao dịch<br />Thứ 2 đến thứ 6: 8h - 17h30 <br />Thứ 7: 8h - 12h </p><p>ĐT:  02253.1916.866</p>,20.92054728754559,106.67972169510654
PGD Thượng Lý,"Nhà số BH01-51, Khu đô thị Xi Măng Hải Phòng (Khu đô thị Vinhomes Imperia Hải Phòng), Đường Bạch Đằng, Phường Thượng Lý, Quận Hồng Bàng, Thành phố Hải Phòng",,<p>Thời gian giao dịch<br />Thứ 2 đến thứ 6: 8h - 17h30 <br />Thứ 7: 8h - 12h </p><p>ĐT: 02253.529.926. <br />Fax: 02253.529.928</p>,20.86307248790248,106.66213317085817
PGD Quán Toan,"Số 212 đường Hùng Vương, phường Quán Toan, quận Hồng Bàng, thành phố Hải Phòng",,<p>Thời gian giao dịch<br />Thứ 2 đến thứ 6: 8h - 17h30 <br />Thứ 7: 8h - 12h </p><p>ĐT:  0225 2826168</p>,20.8907452,106.60033640000006
CN Hải Dương,"Tầng 1, tầng 2 số 248 đại lộ Nguyễn Lương Bằng, phường Thanh Bình, thành phố Hải Dương, tỉnh Hải Dương.",,<p>Thời gian giao dịch<br />Thứ 2 đến thứ 6: 7h30 - 17h30 <br />Thứ 7: 7h30 - 11h30 </p><p>ĐT: 0220.626.8555<br />Fax: 0220.626.0555</p>,20.9368072,106.3026893
PGD Lê Thanh Nghị,"Số 481 - 483 Lê Thanh Nghị, phường Lê Thanh Nghị, thành phố Hải Dương, tỉnh Hải Dương",,<p>Thời gian giao dịch<br />Thứ 2 đến thứ 6: 7h30 - 17h30</p><p>ĐT: 0220.6263.555<br />Fax: 0220.6263.355</p>,20.926258,106.326454
CN Quảng Ninh,"Số 156 đường Lê Thánh Tông , Phường Bạch Đằng, thành phố  Hạ Long, Tỉnh Quảng Ninh",,<p>Thời gian giao dịch<br />Thứ 2 đến thứ 6: 7h30 - 17h30 <br />Thứ 7: 7h30 - 11h30 </p><p>ĐT: 0203.3655.666<br />Fax: 0203.3656.828</p>,20.95132906019309,107.08231179145378
MB Cẩm Phả,"Số 705 (thửa đất số 7, 8, 9 tờ bản đồ số 22), tổ 2, khu Tân Lập 6, phường Cẩm Phả, thành phố Cẩm Phả, tỉnh Quảng Ninh",,"Thời gian giao dịch: 
Thứ 2 đến thứ 6: 7h30 - 17h30 
Thứ 7: 7h30 - 11h30</p>
ĐT:  0203.6260.568
Fax:  0203.6260.868","21,0097634","107,2652686"
MB Uông Bí,"Số 410 đường Quang Trung, phường Quang Trung, thành phố Uông Bí, tỉnh Quảng Ninh",,"<p>Thời gian giao dịch<br />Thứ 2 đến thứ 6: 7h30 - 17h30</p>
<p>ĐT:  0203.3662.588<br />Fax:  0203.3662.589</p>",21.0344834467632,106.773458807514
PGD Hạ Long,"Số 328, tổ 1B, khu 6A, phường Hồng Hải, thành phố Hạ Long, tỉnh Quảng Ninh.",,<p>Thời gian giao dịch<br />Thứ 2 đến thứ 6: 7h30 - 17h</p><p>ĐT: 0203.383.9558<br />Fax: 0203.383.9556</p>,20.952090478455485,107.10575576958922
MB Mạo Khê,"Số 196 Ngã 4, khu  Hoàng Hoa Thám, phường Mạo Khê, thành phố Đông Triều, tỉnh Quảng Ninh.",,"<p>Thời gian giao dịch<br />Thứ 2 đến thứ 6: 7h30 - 17h</p>
<p>ĐT: 0203.3595.999<br />Fax: 0203.3595.666</p>",21.0555545754982,106.602054158344
MB Bãi Cháy,"Số 05, đường Phan Bội Châu, khu 9A phường Bãi Cháy, thành phố Hạ Long, tỉnh Quảng Ninh",,"<p>Thời gian giao dịch<br />Thứ 2 đến thứ 6: 7h30 - 17h</p>
<p>ĐT: 0203 3846 368 <br />Fax: 0203 3846 636</p>",20.95669589206908,107.02209154696766
CN Vĩnh Phúc,"Một phần tầng 1,tòa nhà  viettel Vĩnh phúc ,  KĐT chùa Hà Tiên, thành phố Vĩnh Yên- tỉnh Vĩnh Phúc.",,<p>Thời gian giao dịch<br />Thứ 2 đến thứ 6: 8h - 17h30 <br />Thứ 7: 8h - 12h </p><p>ĐT: 0211.626.5566 <br />Fax: 0211.626.5588</p>,21.32208265037734,105.59884312275392
MB Nam Thái Nguyên,"Tổ 2, phường Hương Sơn, thành phố Thái Nguyên, tỉnh Thái Nguyên",,"<p>Thời gian giao dịch<br />Thứ 2 đến thứ 6: 8h - 17h30 <br />Thứ 7: 8h - 12h</p>
<p>ĐT: 0208.625.9999<br />Fax: 0208.625.9955</p>",21.544533,"105,872177"
PGD Trưng Vương,"Tầng 1, Công trình Chợ Thái, phường Trưng Vương, thành phố  Thái Nguyên- tỉnh Thái Nguyên.",,<p>Thời gian giao dịch<br />Thứ 2 đến thứ 6: 8h - 17h30 <br />Thứ 7: 8h - 12h </p><p>ĐT: 0208.3657.171<br />Fax: 0208.3651.172</p>,21.599535111034868,105.84404975403675
PGD Phổ Yên,"Tổ dân phố 2, phường Ba Hàng, thị xã Phổ Yên, Tỉnh Thái Nguyên",,<p>Thời gian giao dịch<br />Thứ 2 đến thứ 6: 8h - 17h30 </p><p>ĐT: 0208.626.2345/6523939<br />Fax: 0208.662.1357</p>,21.418875746982103,105.87032888423914
MB Ninh Bình,"Tầng 1, 3 tòa nhà số 848 đường Trần Hưng Đạo, phường Tân Thành, thành phố Hoa Lư, tỉnh Ninh Bình",,"<ol>
<li>Thời gian giao dịch<br />Thứ 2 đến thứ 6: 7h30 - 17h30 <br />Thứ 7: 8h - 12h</li>
</ol>
<p>ĐT: 02296.258.866<br />Fax: 02296.258.686</p>",20.2592701844276,105.970552881184
PGD Tam Điệp,"Số nhà 146, đường Đồng Giao, phường Bắc Sơn, thành phố Tam Điệp, tỉnh Ninh Bình",,"<p>Thời gian giao dịch<br />Thứ 2 đến thứ 6: 7h30 - 17h</p>
<p>ĐT: ĐT: 0229.6258866 Fax: 0229.6258686  </p>",20.157803,105.907628
MB Nguyễn Công Trứ,"Số 307 - 309 - 311 đường Nguyễn Công Trứ, phường Bích Đào, thành phố Hoa Lư, tỉnh Ninh Bình",,"<p>Thời gian giao dịch<br />Thứ 2 đến thứ 6: 7h30 - 17h30</p>
<p>ĐT:  0229.625.0079 Fax:  0229.625.0086 </p>",20.246921,105.9861817
PGD Gia Viễn,"Thửa đất số 2621 và thửa đất 2613 tờ bản đồ số 381E, Xã Gia Trấn, Huyện Gia Viễn, Tỉnh Ninh Bình ",,<p>Thời gian giao dịch<br />Thứ 2 đến thứ 6: 7h30 - 17h</p><p>DT: 0229.6268866 <br />Fax: 0229.6268686</p>,20.334285674599496,105.93140995974125
CN Thanh Hoá,"Số 54+56+60 Trần Phú, phường  Điện Biên, thành phố  Thanh Hóa, tỉnh Thanh Hóa",,<p>Thời gian giao dịch<br />Thứ 2 đến thứ 6: 7h30 - 17h30 <br />Thứ 7: 7h30 - 11h30 </p><p>ĐT: 0237.3727.595<br />Fax: 0237.3727.698</p>,19.80988723778178,105.77679150304107
PGD Phan Chu Trinh,"Số 15 - Khu nhà ở TM - đường Phan Chu Trinh, phường  Điện Biên, thành phố Thanh Hóa, Thanh Hoá",,<p>Thời gian giao dịch<br />Thứ 2 đến thứ 6: 7h30 - 17h30</p><p>ĐT: 0237.625.3068<br />Fax: 0237.625.3069</p>,19.811759575559023,105.77478821628574
PGD Tĩnh Gia,"Số nhà 96-98 đường Đào Duy Từ,  tiểu khu 5, thị trấn Tĩnh Gia, huyện Tĩnh Gia, tỉnh Thanh Hóa",,<p>Thời gian giao dịch<br />Thứ 2 đến thứ 6: 7h30 - 17h30</p><p>ĐT: 02373.975.888<br />Fax: 02373.975.886</p>,19.4465678,105.77766529999997
PGD Lam Sơn,"Tiểu khu 6, Thị trấn Lam Sơn,huyện Thọ Xuân, Tỉnh Thanh Hóa",,<p>Thời gian giao dịch<br />Thứ 2 đến thứ 6: 7h30 - 17h30</p><p>ĐT: 0237 353 86 86<br />Fax: 0237 353 86 88</p>,19.89842687460616,105.40670616217949
CN Nghệ An,"Số 2 đường Nguyễn Thị Minh Khai, thành phố  Vinh,tỉnh  Nghệ An",,<p>Thời gian giao dịch<br />Thứ 2 đến thứ 6: 7h30 - 17h30 <br />Thứ 7: 7h30 - 11h30 </p><p>ĐT: 0238.6540.999<br />Fax: 0238.6540.888</p>,18.670173344213488,105.68379111709248
PGD Diễn Châu,"Khối 3, Thị Trấn Diễn Châu, Huyện Diễn Châu, Tỉnh Nghệ An",,"<p>Thời gian giao dịch<br />Thứ 2 đến thứ 6: 7h30 - 17h30</p>
<p>ĐT: 0238.3560.588<br />Fax: 0238.3560.599</p>","18,9753844","105,6008658"
PGD Trung Đô,"Số 191 đường  Lê Duẩn, khối 7, phường Trung Đô, thành phố  Vinh - tỉnh Nghệ An.",,<p>Thời gian giao dịch<br />Thứ 2 đến thứ 6: 7h30 - 17h30</p><p>ĐT: 0238.8696.996<br />Fax: 0238.8696.596</p>,18.659013182990133,105.69462683862298
PGD Hà Huy Tập,"Tòa nhà Viettel, đường Lê Nin, phường Hà Huy Tập, thành phố  Vinh, tỉnh Nghệ An",,<p>Thời gian giao dịch<br />Thứ 2 đến thứ 6: 7h30 - 17h30</p><p>ĐT: 02386 255 777 <br />Fax: 02386 256 777</p>,18.688941,105.69089200000008
MB Lào Cai,"Số 119  đường Hoàng Liên, phường Cốc Lếu, thành phố  Lào Cai- Tỉnh Lào Cai.",,"<p>Thời gian giao dịch<br />Thứ 2 đến thứ 6: 8h - 17h30 <br />Thứ 7: 8h - 12h</p>
<p>ĐT: 0214 6252266<br />      0214 6252289</p>",22.4963573,103.96817239999996
MB Kim Tân,"Ngã 6, tổ 12, phường Kim Tân, thành phố Lào Cai, tỉnh Lào Cai",,"<p>Thời gian giao dịch<br />Thứ 2 đến thứ 6: 8h - 17h30</p>
<p>ĐT: 0214.626.2288</p>",22.4815858,103.9751445
PGD Sa Pa,"Số 196 đường Thạch Sơn, tổ 2, phường SaPa, Thị xã Sapa, Tỉnh Lào Cai",,<p>Thời gian giao dịch<br />Thứ 2 đến thứ 6: 8h - 17h30 </p><p>ĐT: 0214.2224688 <br />Fax: 0214.2224690</p>,22.3371481,103.8502705
MB Móng Cái,"Số 2 đường Hùng Vương, phường Trần Phú, thành phố  Móng Cái, tỉnh Quảng Ninh.",,"<p>Thời gian giao dịch<br />Thứ 2 đến thứ 6: 8h - 17h30 <br />Thứ 7: 8h - 12h</p>
<p>ĐT: 0203.3885.618</p>",21.52912407447094,107.9687163183853
CN Bắc Giang,"Tầng 1 ( tầng trệt) tòa nhà trụ sở Viettel Bắc Giang lô A4, làn 2, đường Nguyễn Thị Minh Khai, thanh phố  Bắc Giang, Tỉnh Bắc Giang",,<p>Thời gian giao dịch<br />Thứ 2 đến thứ 6: 8h - 17h30 <br />Thứ 7: 8h - 12h </p><p>ĐT: 0204.6252.538<br />Fax: 0204.6252.582</p>,21.282015605630868,106.2086329907379
MB Lục Nam,"Số 346 phố Bình Minh, thị trấn Đồi Ngô, huyện Lục Nam, tỉnh Bắc Giang",,"<p>Thời gian giao dịch<br />Thứ 2 đến thứ 6: 8h - 17h30</p>
<p>ĐT: 0204.2484008<br />Fax: 0204.2484007</p>",21.3063508903607,106.388386778771
CN Thái Bình,"Tầng 1 ( tầng trệt) tòa nhà  Viettel Thái Bình,số 431 phố Trần Hưng Đạo, P. Trần Hưng Đạo, TP. Thái Bình, Tỉnh Thái Bình",,<p>Thời gian giao dịch<br />Thứ 2 đến thứ 6: 7h30 - 17h30 <br />Thứ 7: 7h30 - 11h30 </p><p>ĐT: 0227.6272.222<br />Fax: 0227.6272.555</p>,20.44274420630539,106.33221684603268
MB Hưng Hà,"Số 266 đường Long Hưng, tổ dân phố Thị Độc, thị trấn Hưng Hà, huyện Hưng Hà, tỉnh Thái Bìnhng Hà, tỉnh Thái Bình (Thửa đất số 438, tờ bản đồ số 22, số vào sổ cấp GCN: CS00910)",,"<p>Thời gian giao dịch<br />Thứ 2 đến thứ 6: 8h - 17h</p>
<p>ĐT: 0227.6272272<br />Fax: 0227.6272072</p>",20.5925955680439,106.2197113681
PGD Thái Thuy,"Khu 6, thị trấn Diêm Điền, huyện Thái Thụy, tỉnh thái Bình",,<p>Thời gian giao dịch<br />Thứ 2 đến thứ 6: 8h - 17h</p><p>ĐT:02276 272 333 <br />Fax:02276 272 777</p>,20.5604645,106.5702387
CN Hà Tĩnh,"Số 80 Phan Đình Phùng, thành phố  Hà Tĩnh, Tỉnh Hà Tĩnh",,<p>Thời gian giao dịch<br />Thứ 2 đến thứ 6: 7h30 - 17h30 <br />Thứ 7: 7h30 - 11h30 </p><p>ĐT: 0239.627.7777<br />Fax: 0239.626.0666</p>,18.339968332245544,105.90410329447741
MB Hồng Lĩnh,"Số 135, đường Trần Phú, Tổ dân phố1, phường Nam Hồng, thị xã Hồng Lĩnh, tỉnh Hà Tĩnh",,"<p>Thời gian giao dịch<br />Thứ 2 đến thứ 6: 8h - 17h30</p>
<p>ĐT: 02393.837.888<br />Fax: 02393.837.666</p>",18.5294495644684,105.699750706065
MB Hà Nam,"Một phần tầng 1 và 2 trung tâm thương mại, dịch vụ Đại Nam Plaza, đường Lê Hoàn, phường Châu Cầu, thành phố Phủ Lý, tỉnh Hà Nam",,"<p>Thời gian giao dịch<br />Thứ 2 đến thứ 6: 7h30 - 17h <br />Thứ 7: 7h30 - 11h30</p>
<p>ĐT: 0226.6266866<br />Fax: 0226.6262222</p>","20,53975","105,9125078"
CN Hòa Bình,"Tầng 1( tầng trệt), tầng 2 tòa nhà Viettel, tổ 8, xã Sủ Ngòi, TP. Hòa Bình, T. Hòa Bình",,<p>Thời gian giao dịch<br />Thứ 2 đến thứ 6: 7h30 - 17h30 <br />Thứ 7: 7h30 - 11h30 </p><p>ĐT: 02186 250 079 <br />Fax: 02186 250 072</p>,20.818463058192325,105.34639302883602
CN Sơn La,"Tầng 1 ( tầng trệt) tòa nhà Viettel, số 1 Chu Văn Thịnh, P.Tô hiệu, TP Sơn La, T. Sơn La",,<p>Thời gian giao dịch<br />Thứ 2 đến thứ 6: 7h30 - 17h30 <br />Thứ 7: 7h30 - 11h30 </p><p>ĐT: 0212.625.6666<br />Fax: 0212.625.6888</p>,21.327958192500464,103.914040164418
CN Tuyên Quang,"Số 155, đường Bình Thuận, tổ 19, phường Tân Quang, thành phố Tuyên Quang, tỉnh Tuyên Quang",,<p>Thời gian giao dịch<br />Thứ 2 đến thứ 6: 7h30 - 17h30 <br />Thứ 7: 7h30 - 11h30 </p><p>ĐT: 0207.6265.555<br />Fax: 0207.6267.777</p>,21.8135258,105.21212330000003
MB Yên Bái,"Số 02, đường Đinh Tiên Hoàng, tổ 8, phường  Đồng  Tâm,  thành  phố  Yên Bái, tỉnh Yên Bái",,"<p>Thời gian giao dịch<br />Thứ 2 đến thứ 6: 8h - 17h30 <br />Thứ 7: 8h - 12h</p>
<p>ĐT: 02166 251 666 <br />Fax: 02166 251 666</p>",21.7231660507077,104.913590083888
MB Huế,"Một phần tầng 1,2,3, Tòa nhà số 07 Nguyễn Tri Phương, phường Phú Hội, quận Thuận Hóa, thành phố Huế",,"<p>Thời gian giao dịch<br />Thứ 2 đến thứ 6: 7h30 - 17h30 <br />Thứ 7: 7h30 - 11h30</p>
<p>ĐT: 0234.6250.999<br />Fax: 0234.6250.369</p>",16.465237385637294,107.59302392418557
MB Nam Vĩ Dạ,"Số 109 Phạm Văn Đồng, phường Vĩ Dạ, quận Thuận Hóa, thành phố  Huế",,"<p>Thời gian giao dịch<br />Thứ 2 đến thứ 6: 7h30 - 17h30</p>
<p>ĐT: 0234.6250.333<br />Fax: 0234.6250.357</p>",16.477502272053872,107.60161311104503
MB Hương Thủy,"Số 1068 đường Nguyễn Tất Thành, phường Phú Bài, thị xã Hương Thủy, thành phố Huế",,"<p>Thời gian giao dịch<br />Thứ 2 đến thứ 6: 7h30 - 17h30</p>
<p>ĐT: 0234.3572.111<br />Fax: 0234.3572.112</p>","16,4085096","107,6775887"
MB Nam Trường Tiền,"Số 11 Lý Thường Kiệt, phường Phú Nhuận, quận Thuận Hóa, thành phố Huế",,"<p>Thời gian giao dịch<br />Thứ 2 đến thứ 6: 7h30 - 17h30</p>
<p>ĐT: 0234.6262.888<br />Fax: 0234.6262.889</p>",16.461821719912794,107.59130797050011
CN Quảng Trị,"Số 134, quốc lộ 9, phường 1, thành phố  Đông Hà,Tỉnh Quảng Trị",,<p>Thời gian giao dịch<br />Thứ 2 đến thứ 6: 7h30 - 17h30 <br />Thứ 7: 7h30 - 11h30 </p><p>ĐT: 02333.6255.789<br />Fax: 02333.6250.062</p>,16.81215222938207,107.09681086909484
MB Khe Sanh,"Số 144 Lê Duẩn , Thị trấn Khe Sanh, H. Hướng Hóa, Tỉnh Quảng Trị",,"<p>Thời gian giao dịch<br />Thứ 2 đến thứ 6: 7h30 - 17h30</p>
<p>ĐT: 0233.6266668<br />Fax : 0233.6266566</p>",16.627244070973546,106.73868388618496
CN Đà Nẵng,"Tầng trệt, tầng lửng, số 174 Lê Đình Lý, P. Hòa Thuận Tây, Q. Hải Châu, TP Đà Nẵng ",,<p>Thời gian giao dịch<br />Thứ 2 đến thứ 6: 7h30 - 17h30 <br />Thứ 7: 7h30 - 11h30 </p><p>ĐT: 0236.6257.999<br />Fax: 0236.6257.789</p>,16.05198935525826,108.20991699021306
PGD Bắc Đà Nẵng,"563 đường Tôn Đức Thắng, tổ 50, phường Hòa Khánh Nam, quận Liên Chiểu, thành phố Đà Nẵng",,"<p>Thời gian giao dịch<br />Thứ 2 đến thứ 6: 7h30 - 17h <br />Thứ 7: 7h30 - 11h30</p>
<p>ĐT: 0236.6255.999<br />Fax: 0236.6255.998</p>",16.065562719313433,108.15445324155578
PGD Sông Hàn,"Tầng 1,2,3 tòa nhà Lô 14-15 đường Nguyễn Văn Linh nối dài , phường Phước Ninh, quận Hải Châu, thành phố  Đà Nẵng",,<p>Thời gian giao dịch<br />Thứ 2 đến thứ 6: 7h30 - 17h30</p><p>ĐT: 0236.3750.999<br />Fax: 0236.3750.799</p>,16.060732303487395,108.22069717252202
MB Hòa Thọ,"Số 142 Ông Ích Đường, phường Hòa Thọ Đông, quận Cẩm Lệ, thành phố Đà Nẵng",,"<p>Thời gian giao dịch<br />Thứ 2 đến thứ 6: 7h30 - 17h30</p>
<p>ĐT: 0236.6280.555<br />Fax: 0236.6270.555</p>","16,013386","108,2056949"
MB Nam Đà nẵng,"Số 152 đường 2/9, phường Bình Thuận, quận Hải Châu, thành phố Đà Nẵng",,"<p>Thời gian giao dịch<br />Thứ 2 đến thứ 6: 7h30 - 17h30 <br />Thứ 7: 7h30 - 11h30</p>
<p>ĐT: 0236.6255.789<br />Fax: 0236.6255.799</p>",16.051247834148327,108.22196990429075
PGD Hải Châu,"Số 199 đường Đống Đa, Phường Thạch Thang, Quận Hải Châu, Thành phố Đà Nẵng",,<p>Thời gian giao dịch<br />Thứ 2 đến thứ 6: 7h30 - 17h30</p><p>ĐT: 0236.3552.111<br />Fax: 0236.3616.062</p>,16.076385,108.2158491
PGD Sơn Trà,"Tầng 1, tầng lửng tòa nhà số 222 - 224 đường Ngũ Hành Sơn, phường Mỹ An, quận Ngũ Hành Sơn, thành phố Đà Nẵng",,<p>Thời gian giao dịch<br />Thứ 2 đến thứ 6: 7h30 - 17h30 <br />Thứ 7: 7h30 - 11h30 </p><p>ĐT: 0236.6270 999<br />Fax: 0236.6270 888</p>,16.0460454,108.2387986
PGD Cẩm Lệ,"Tầng 1 tòa nhà Công ty cổ phần xây dựng công trình 545, số 324 Nguyễn Hữu Thọ, phường Khuê Trung, quận Cẩm Lệ, thành phố Đà Nẵng.",,<p>Thời gian giao dịch<br />Thứ 2 đến thứ 6: 7h30 - 17h30</p><p>ĐT: 0236.3685.222<br />Fax: 0236.3685.444</p>,16.035557077845496,108.20940203372948
CN Quảng Nam,"Số 284 Phan Chu Trinh, thành phố Tam Kỳ, tỉnh Quảng Nam",,<p>Thời gian giao dịch<br />Thứ 2 đến thứ 6: 7h30 - 17h30 <br />Thứ 7: 8h - 12h</p><p>ĐT: 0235.6254.777<br />Fax: 0235.6254.555</p>,15.568727446318258,108.48894411349181
PGD Hội An,"Số 594 Hai Bà Trưng, phường Cẩm Phổ,thành phố  Hội An, tỉnh Quảng Nam",,<p>Thời gian giao dịch<br />Thứ 2 đến thứ 6: 7h30 - 17h30 <br />Thứ 7: 7h30 - 11h30 </p><p>ĐT: 0235.6260.111<br />Fax: 0235.6260.222</p>,15.883115882696318,108.32491050367014
PGD Núi Thành,"Số 204 Phạm Văn Đồng, khối 2, thị trấn Núi Thành, huyện Núi Thành, tỉnh Quảng Nam",,<p>Thời gian giao dịch<br />Thứ 2 đến thứ 6: 7h30 - 17h30 <br />Thứ 7: 8h - 12h</p><p>ĐT: 0235.6254.888<br />Fax: 0235.6254.666</p>,15.435825012559896,108.64366377289434
CN Quảng Ngãi,"Nhà khách T50, Số 168 đường Hùng Vương, thành phố Quảng Ngãi, tỉnh Quảng Ngãi",,<p>Thời gian giao dịch<br />Thứ 2 đến thứ 6: 7h30 - 17h30 <br />Thứ 7: 7h30 - 11h30 </p><p>ĐT: 0255.6255.999<br />Fax: 0255.6255.789</p>,15.1219499,108.7944621
PGD Trà Khúc,"Số 24 Quang Trung, phường Lê Hồng Phong, thành phố Quảng Ngãi, tỉnh Quảng Ngãi",,<p>Thời gian giao dịch<br />Thứ 2 đến thứ 6: 7h30 - 17h30 <br />Thứ 7: 7h30 - 11h30 </p><p>ĐT: 0255.6255.369<br />Fax: 0255.6255.557</p>,15.1318433,108.80142720000003
MB Bắc Quảng Ngãi,"Số 448 Phạm Văn Đồng, Tổ dân phố 4, Thị trấn Châu Ổ, Huyện Bình Sơn, Tỉnh Quảng Ngãi",,"<p>Thời gian giao dịch<br />Thứ 2 đến thứ 6: 7h30 - 17h30 <br />Thứ 7: 7h30 - 11h30</p>
<p>ĐT: 0255.6.262626 <br />Fax: 0255.6.262626</p>",15.29637607772932,108.76072564337767
CN Bình Định,"Tầng 1, tầng 2 và tầng 3 tòa nhà Ngân hàng TMCP Quân Đội, số nhà 322 đường Nguyễn Thái Học, phường Ngô Mây, thành phố Quy Nhơn, tỉnh Bình Định",,<p>Thời gian giao dịch<br />Thứ 2 đến thứ 6: 7h30 - 17h30 <br />Thứ 7: 7h30 - 11h30 </p><p>ĐT: 0256.3817.555 <br />Fax: 0256.3814.455</p>,13.766900879637664,109.21593464112186
PGD An Nhơn,"Số 86 - 88 Ngô Gia Tự, phường Bình Định, thị xã An Nhơn, tỉnh Bình Định",,"<p>Thời gian giao dịch<br />Thứ 2 đến thứ 6: 7h30 - 17h30 <br />Thứ 7: 7h30 - 11h30</p>
<p>ĐT: 0256.3520.680<br />Fax: 0256.3520.690</p>",13.888857,109.115655
PGD Diêu Trì,"Số 50 - 52 đường Lạc Long Quân, phường Trần Quang Diệu, thành phố Quy Nhơn, tỉnh Bình Định",,"<p>Thời gian giao dịch<br />Thứ 2 đến thứ 6: 8h - 17h30 <br />Thứ 7: 8h - 12h</p>
<p>ĐT: 0256.3833.177<br />Fax: 0256.3833.066</p>",13.7963436,109.1472934
CN Khánh Hoà,"Số 09 đường Lê Thánh Tôn, phường Lộc Thọ , thành phố  Nha Trang -tỉnh Khánh Hoà.",,<p>Thời gian giao dịch<br />Thứ 2 đến thứ 6: 7h30 - 17h30 <br />Thứ 7: 7h30 - 11h30 </p><p>ĐT: 0258.6250.777<br />Fax: 0258.6250.111</p>,12.2457778,109.1907514
PGD Nha Trang,"Lô số 199, Khu dân cư Nam và Bắc đường Phong Châu, phường Phước Hải, thành phố Nha Trang, tỉnh Khánh Hòa",,"<p>Thời gian giao dịch<br />Thứ 2 đến thứ 6: 7h30 - 17h30</p>
<p>ĐT: 0258.6266.888<br />Fax: 0258.6266.111</p>",12.2362479,109.1785636
PGD Vĩnh Hải,"Số 554 đường 2 tháng 4, Phường Vĩnh Phước,  Thành phố Nha Trang, Tỉnh Khánh Hòa",,<p>Thời gian giao dịch<br />Thứ 2 đến thứ 6: 7h30 - 17h30</p><p>ĐT: 0258.6269.888<br />Fax: 0258.6269.111</p>,12.252579846850757,109.18993849692424
PGD Hùng Vương,"Số 2136-2138 đại lộ Hùng Vương, phường Cam Lộc, TP Cam Ranh Tỉnh Khánh Hòa",,<p>Thời gian giao dịch<br />Thứ 2 đến thứ 6: 7h30 - 17h30</p><p>ĐT: 02583.955.668<br />Fax: 02583.955.998</p>,11.956231964102637,109.18748743067113
MB Đắk Lắk,"Số 37 Hai Bà Trưng, phường Thành Công, thành phố  Buôn Ma Thuột, tỉnh Đắk Lắk.",,"<p>Thời gian giao dịch<br />Thứ 2 đến thứ 6: 7h30 - 17h30 <br />Thứ 7: 7h30 - 11h30</p>
<p>ĐT: 0262.6268.268<br />Fax: 0262.6259.259</p>",12.681469514775799,108.0439254938484
PGD Eakar,"Số 148 đường Nguyễn Tất Thành, TDP 3B, thị trấn Eakar, huyện Eakar, tỉnh Dak Lak",,<p>Thời gian giao dịch<br />Thứ 2 đến thứ 6: 7h30 - 17h30</p><p>ĐT: 0262.625.7999<br />Fax: 0262.625.1259</p>,12.8093641,108.44812030000003
CN Gia Lai,"Số 08 Lê Lai, phường Tây Sơn, thành phố Pleiku, tỉnh Gia Lai.",,<p>Thời gian giao dịch<br />Thứ 2 đến thứ 6: 7h30 - 17h30 <br />Thứ 7: 7h30 - 11h30 </p><p>ĐT: 0269.6252.999 <br />Fax: 0269.6267.999</p>,13.9776825,107.99949960000004
MB Pleiku,"Số 145 Nguyễn Tất Thành, phường Phù Đổng, thành phố Pleiku, tỉnh Gia Lai",,"<p>Thời gian giao dịch<br />Thứ 2 đến thứ 6: 7h30 - 17h30</p>
<p>ĐT: 0269.6262.999<br />Fax: 0269.6263.999</p>",13.9787451837268,108.012487321154
CN Quảng Bình,"Số 18 đường Quang Trung, phường Đông Hải, thành phố Đồng Hới, tỉnh Quảng Bình",,<p>Thời gian giao dịch<br />Thứ 2 đến thứ 6: 7h30 - 17h30 <br />Thứ 7: 7h30 - 11h30 </p><p>ĐT: 0232.6258.258<br />Fax: 0232.6259.259</p>,17.46231468733032,106.62435759999994
MB TP Hồ Chí Minh,"Số 18B đường Cộng Hòa, phường 4, quận Tân Bình, thành phố Hồ Chí Minh",,"<p>Thời gian giao dịch<br />Thứ 2 đến thứ 6: 8h - 17h30 <br />Thứ 7: 8h - 12h</p>
<p>ĐT: 028.3948.1802<br />Fax: 028.3811.8082</p>",10.801371285017588,106.65475984076159
PGD Trường Chinh,"Số 318 đường Trường Chinh, Khu phố 6, Phường Tân Hưng Thuận, Quận 12, Thành phố Hồ Chí Minh ",,<p>Thời gian giao dịch<br />Thứ 2 đến thứ 6: 8h - 17h30 <br />Thứ 7: 8h - 12h </p><p>ĐT: 028.3883.2735<br />Fax: 028.3883.2739</p>,10.832581464557657,106.62198258856779
PGD Tân Sơn Nhất,"08 Hoàng Minh Giám, Phường 9, Phú Nhuận, Thành phố Hồ Chí Minh",,<p>Thời gian giao dịch<br />Thứ 2 đến thứ 6: 8h - 17h30 </p><p>ĐT: 028.6289.7257 <br />Fax: 028.6289.7258</p>,10.8098021,106.6718604
PGD Tân Hương,"Số 229 đường Tân Hương, phường Tân Quý, quận Tân Phú, thành phố Hồ Chí Minh",,<p>Thời gian giao dịch<br />Thứ 2 đến thứ 6: 8h - 17h30 <br />Thứ 7: 8h - 12h </p><p>ĐT: 028.6267.5637 <br />Fax: 028.6267.5653</p>,10.789878365211546,106.62229448220899
PGD Thống Nhất,"102-104-106 Bàu Cát, phường 14, quận Tân Bình, thành phố Hồ Chí Minh",,<p>Thời gian giao dịch<br />Thứ 2 đến thứ 6: 8h - 17h30 <br />Thứ 7: 8h - 12h </p><p>ĐT: 028.6268.0626 <br />Fax: 028.6268.0623</p>,10.7922205,106.64245010000002
PGD Độc Lập,"Một phần tầng trệt và tầng 4, số 07 đường Nguyễn Thị Minh Khai, Phường Bến Nghé, Quận 1, Thành phố Hồ Chí Minh ",,"<p>Thời gian giao dịch<br />Thứ 2 đến thứ 6: 8h - 17h30</p>
<p>ĐT: 028.3820.6959 <br />Fax: 028.3820.6958</p>",10.788243462006943,106.70328500830382
MB Sài Gòn,"Số  112-114-116-118  Hai  Bà  Trưng, phường Đa Kao, quận 1, thành phố Hồ Chí Minh",,"<p>Thời gian giao dịch<br />Thứ 2 đến thứ 6: 8h - 17h30 <br />Thứ 7: 8h - 12h</p>
<p>ĐT: 028. 3526.2222<br />Fax: 028. 3636.3454</p>",10.7833250950275,106.698013738539
PGD Bến Thành,"Số 414C – 414D Nguyễn Thị Minh Khai, Phường 5, Quận 3, Thành phố Hồ Chí Minh ",,"<p>Thời gian giao dịch<br />Thứ 2 đến thứ 6: 8h - 17h30</p>
<p>ĐT: 028.3929.2229<br />Fax: 028.3818.1953</p>",10.770620839139063,106.68645836197129
PGD Tân Phú,"Số 835 – 837 đường Lũy Bán Bích, phường Tân Thành, quận Tân Phú, thành phố Hồ Chí Minh",,<p>Thời gian giao dịch<br />Thứ 2 đến thứ 6: 8h - 17h30 </p><p>ĐT: 028.6299.5599 <br />Fax: 028.6291.3334</p>,10.7881123,106.6346227
MB Quận 3,"Một phần diện tich tầng 1 và toàn bộ tầng 2 tòa nhà  Số 161, 163 đường Trần Quốc Thảo, phường 9, quận 3, thànhphố  Hồ Chí Minh",,"<p>Thời gian giao dịch<br />Thứ 2 đến thứ 6: 8h - 17h30 <br />Thứ 7: 8h - 12h</p>
<p>ĐT: 028.6283.2999<br />Fax: 028.6255.6111</p>",10.784917316644542,106.68302343554728
MB Nguyễn Tri Phương,"Tầng 1, tầng 2 và tầng 3, Số 446-450 đường Nguyễn Tri Phương, Phường 4, Quận 10, thành phố Hồ Chí Minh",,"<p>Thời gian giao dịch<br />Thứ 2 đến thứ 6: 8h - 17h30 <br />Thứ 7: 8h - 12h</p>
<p>ĐT: 028.3957.4900 <br />Fax: 028.3957.4909</p>","10,7655205281324","106,667814441104"
MB Quận 1,"Tầng trệt (tầng 1), tầng 2 tòa nhà Beta số 55 Nam Kỳ Khởi Nghĩa, phường Nguyễn Thái Bình, quận 1, thành phố Hồ Chí Minh",,"<p>Thời gian giao dịch<br />Thứ 2 đến thứ 6: 8h - 17h30</p>
<p>ĐT: 028. 3910.1288</p>",10.770716254433216,106.70115764418028
MB Đinh Tiên Hoàng,"Tầng trệt, tầng lửng, tầng 1 số 86 – 88 Lê Văn Duyệt, Phường 1, Quận Bình Thạnh, Thành phố Hồ Chí Minh ",,"<p>Thời gian giao dịch<br />Thứ 2 đến thứ 6: 8h - 17h30 <br />Thứ 7: 8h - 12h</p>
<p>ĐT: 028. 6287 3456<br />Fax: 028. 2250 8277</p>",10.796052077875489,106.6966438650818
PGD Tân Định,"192  đường Trần Quang Khải, phường Tân Định, quận 1, thành phố  Hồ Chí Minh",,"<p>Thời gian giao dịch<br />Thứ 2 đến thứ 6: 8h - 17h30</p>
<p>ĐT: 028. 6268 0999 <br />Fax: 028. 6268 0555</p>",10.791586647839805,106.6886948411045
MB Khánh Hội,"Số 192, 194 đường Khánh Hội, phường 9, quận 4, thành phố Hồ Chí Minh",,"<p>Thời gian giao dịch<br />Thứ 2 đến thứ 6: 8h - 17h30 <br />Thứ 7: 8h - 12h</p>
<p>ĐT: 028. 6261.9810 <br />Fax: 028. 6261.9820</p>",10.758461502669926,106.69961297853888
MB Đông Sài Gòn,"Số 488 - 490 đường Cách mạng Tháng Tám phường 11, quận 3, thành phố Hồ Chí Minh",,"<p>Thời gian giao dịch<br />Thứ 2 đến thứ 6: 8h - 17h30 <br />Thứ 7: 8h - 12h</p>
<p>ĐT: 028. 3993. 4888 <br />Fax: 028. 3993. 4999</p>",10.7849153679604,106.668611097047
PGD Nguyễn Đình Chiểu,"Số 569 Nguyễn Đình Chiểu, phường 2, quận 3, thành phố  Hồ Chí Minh",,<p>Thời gian giao dịch<br />Thứ 2 đến thứ 6: 8h - 17h30 <br />Thứ 7: 8h - 12h </p><p>ĐT: 028.6267.5888 <br />Fax: 028.6267.5999</p>,10.76789260627385,106.68020089753588
PGD 3 tháng 2,"Tầng 1. tầng 2 tòa nhà 198A đường 3/2, P.12, Quận 10, TP HCM",,<p>Thời gian giao dịch<br />Thứ 2 đến thứ 6: 8h - 17h30 <br />Thứ 7: 8h - 12h </p><p>ĐT: 028. 38629898<br />Fax: 028. 38622099</p>,10.774633,106.678748
MB Quận 5,"Tầng trệt, tầng 1 và tầng 2 số 353 – 355 đường An Dương Vương, phường 2, quận 5, thành phố Hồ Chí Minh.",,"<p>Thời gian giao dịch<br />Thứ 2 đến thứ 6: 8h - 17h30 <br />Thứ 7: 8h - 12h</p>
<p>ĐT: 028.6266.5555<br />Fax: 028.6267.5555</p>",10.7589,106.6787443
PGD Quận 6,"Số 10 – 12 đường Hậu Giang, Phường 2, Quận 6, Thành phố Hồ Chí Minh",,<p>Thời gian giao dịch<br />Thứ 2 đến thứ 6: 8h - 17h30 <br />Thứ 7: 8h - 12h </p><p>ĐT: 028.3855 9699<br />Fax: 028.3856 5468</p>,10.75012343245597,106.649017488955
MB Quận 8,"Số 849 đường Tạ Quang Bửu, Phường 5, Quận 8, Thành phố Hồ Chí Minh ",,"<p>Thời gian giao dịch<br />Thứ 2 đến thứ 6: 8h - 17h30 <br />Thứ 7: 8h - 12h</p>
<p>ĐT: 028. 3981.3668 <br />Fax: 028. 3981.3669</p>",10.7352153203106,106.667692835157
PGD Lê Đại Hành,"Số 357A, 357C Lê Đại Hành,  P. 11, Q.  11- HCM.",,<p>Thời gian giao dịch<br />Thứ 2 đến thứ 6: 8h - 17h30 <br />Thứ 7: 8h - 12h </p><p>ĐT: 028. 39621.622 <br />Fax: 028. 39621.627</p>,10.7664329,106.653494
PGD Bình Tân,"Số 435, 437, 439, 441 đường số 7, Phường Bình Trị Đông B, Quận Bình Tân, Thành phố Hồ Chí Minh",,<p>Thời gian giao dịch<br />Thứ 2 đến thứ 6: 8h - 17h30 <br />Thứ 7: 8h - 12h </p><p>ĐT: 028. 3521 8899 <br />Fax: 028. 3822 1078</p>,10.7517441,106.6074443
MB Đông Hồ Chí Minh,"Tầng 1, tầng 2 và tầng 3 số 173 đường Trần Não, phường An Khánh, thành phố Thủ Đức, thành phố Hồ Chí Minh",,"<p>Thời gian giao dịch<br />Thứ 2 đến thứ 6: 8h - 17h30 <br />Thứ 7: 8h - 12h</p>
<p>ĐT: 028. 6281.0203 <br />Fax: 028. 6281.0207</p>",10.8017684894306,106.738585705632
PGD Thủ Đức,"Số 282 Võ Văn Ngân,  Bình Thọ, Thủ Đức- HCM.",,<p>Thời gian giao dịch<br />Thứ 2 đến thứ 6: 8h - 17h30 <br />Thứ 7: 8h - 12h </p><p>ĐT: 028. 6283.7855 <br />Fax: 028. 6283.7850</p>,10.849524,106.769642
PGD Quận 9,"Tầng 1 (tầng trệt), tầng 2, số 25B Lê Văn Việt, phường Hiệp Phú, quận 9, thành phố Hồ Chí Minh",,<p>Thời gian giao dịch<br />Thứ 2 đến thứ 6: 8h - 17h30 <br />Thứ 7: 8h - 12h </p><p>ĐT: 028. 62826161 <br />Fax: 028. 62889010</p>,10.845339278799464,106.77940645651825
PGD Thảo Điền,"Một phần tầng 1 - Số 12 Quốc Hương, phường Thảo Điền, thành phố Thủ Đức, thành phố Hồ Chí Minh",,"<p>Thời gian giao dịch<br />Thứ 2 đến thứ 6: 8h - 17h30 <br />Thứ 7: 8h - 12h</p>
<p>ĐT: 028 6260 4004 <br />Fax: 028 6260 4001</p>","10,8014215","106,7334803"
CN Bắc Sài Gòn,"Số 3 Nguyễn Oanh, Q. Gò Vấp- HCM.",,<p>Thời gian giao dịch<br />Thứ 2 đến thứ 6: 8h - 17h30 <br />Thứ 7: 8h - 12h </p><p>ĐT: 028. 3989.4425 <br />Fax: 028. 3989.4428</p>,10.829391288279291,106.6782308981476
PGD Quang Trung,"Số 170 C Quang Trung, P.10, Q. Gò Vấp- HCM.",,<p>Thời gian giao dịch<br />Thứ 2 đến thứ 6: 8h - 17h30 <br />Thứ 7: 8h - 12h </p><p>ĐT: 028. 3989.4936 <br />Fax: 028. 3989.2961</p>,10.828749145392688,106.67392499695893
PGD Quân 10," Số 327-329 Tô Hiến Thành, P. 13, Q. 10 - HCM.",,<p>Thời gian giao dịch<br />Thứ 2 đến thứ 6: 8h - 17h30 <br />Thứ 7: 8h - 12h </p><p>ĐT: 028.38621023<br />Fax: 028.38621026</p>,10.7773618,106.66499369999997
PGD Quận 12,"Số 312 đường Nguyễn Ảnh Thủ, khu phố 3, phường Hiệp Thành, quận 12, thành phố Hồ Chí Minh",,<p>Thời gian giao dịch<br />Thứ 2 đến thứ 6: 8h - 17h30 <br />Thứ 7: 8h - 12h </p><p>ĐT: 028. 3716.6537 <br />Fax: 028. 3716.6540</p>,10.8791657,106.62657910000007
MB Gia Định,"Số 3 Hoàng Hoa Thám, phường 7, quận Bình Thạnh, thành phố Hồ Chí Minh.",,"<p>Thời gian giao dịch<br />Thứ 2 đến thứ 6: 8h - 17h30 <br />Thứ 7: 8h - 12h</p>
<p>ĐT: 028.6252 8787 <br />Fax: 028.6252 9797</p>",10.803825552033379,106.69199282023772
PGD Bình Thạnh,"Tầng 1, tầng lửng và tầng 2 số 310 đường Lê Quang Định, phường 11, quận Bình Thạnh, thành phố Hồ Chí Minh.",,<p>Thời gian giao dịch<br />Thứ 2 đến thứ 6: 8h - 17h30 <br />Thứ 7: 8h - 12h </p><p>ĐT: 028. 7307. 8789<br />Fax: 028. 7307. 8933</p>,10.809390088410763,106.69335323118287
MB Tân Bình,"Số 465 - 467 Lý Thường Kiệt, phường 8, quận Tân Bình, thành phố Hồ Chí  Minh",,"<p>Thời gian giao dịch<br />Thứ 2 đến thứ 6: 8h - 17h30 <br />Thứ 7: 8h - 12h</p>
<p>ĐT: 028.6292.8382 <br />Fax: 028.6292.8380</p>",10.785137363419869,106.65387956603843
PGD Tân Cảng,"150-150A Đường Nguyễn Gia Trí (D2 cũ) , P25, Quận Bình Thạnh, TP HCM",,<p>Thời gian giao dịch<br />Thứ 2 đến thứ 6: 8h - 17h30 <br />Thứ 7: 8h - 12h </p><p>ĐT: 028. 3512.7772 <br />Fax: 028. 3512.7778</p>,10.803891,106.71567700000003
CN Sở Giao Dịch 2,"Tầng 1( tầng trệt), tầng 2 Tòa Nhà Sunny ToWer, Số 259 Trần Hưng Đạo, P. Cô Giang, Q1, TP Hồ Chí Minh",,<p>Thời gian giao dịch<br />Thứ 2 đến thứ 6: 8h - 17h30 <br />Thứ 7: 8h - 12h </p><p>ĐT: 028.62882222 <br />Fax: 028.62882233</p>,10.7638149,106.692299
CN Nam Sài Gòn," Tầng trệt – Tòa nhà M-Building: Số 09, đường số 8, Khu A, Đô thị mới Nam thành phố, Phường Tân Phú, Quận 7, Thành phố Hồ Chí Minh ",,<p>Thời gian giao dịch<br />Thứ 2 đến thứ 6: 8h - 17h30 <br />Thứ 7: 8h - 12h </p><p>ĐT: 028.5417.5555 <br />Fax: 028.5417.5556</p>,10.730418570151263,106.72401252883606
PGD Tân Thuận,"Tầng trệt, tầng lửng, tầng 1 , tầng 2 và tầng 3 tòa nhà số 300, 300A, 300B đường  Huỳnh Tấn Phát, phường Tân Thuận Tây, quận 7, thành phố  Hồ Chí Minh",,<p>Thời gian giao dịch<br />Thứ 2 đến thứ 6: 8h - 17h30 <br />Thứ 7: 8h - 12h </p><p>ĐT: 028.3872.7888 <br />Fax: 028.3872.7788</p>,10.751558777067174,106.7284343533729
CN Phú Nhuận,"Một phần tầng trệt tòa nhà Prince Residence, Số 19-21 đường Nguyễn Văn Trỗi, Phường 12, Quận Phú Nhuận, Thành phố Hồ Chí Minh",,<p>Thời gian giao dịch<br />Thứ 2 đến thứ 6: 8h - 17h30 <br />Thứ 7: 8h - 12h </p><p>ĐT: 028.35593355 <br />Fax: 028.35593322</p>,10.792273933779324,106.68070818587914
CN Bình Chánh,"Số 207 – 209 đường số 9A, khu dân cư Trung Sơn, ấp 4, xã Bình Hưng, huyện Bình Chánh, thành phố Hồ Chí Minh",,<p>Thời gian giao dịch<br />Thứ 2 đến thứ 6: 8h - 17h30 <br />Thứ 7: 8h - 12h </p><p>ĐT: 028.62856699<br />Fax: 028.62856678</p>,10.73357708831678,106.68965396441808
CN Tây Sài Gòn,"Số 246 đường Tô Ký, ấp Tam Đông 1, xã Thới Tam Thôn, huyện Hóc Môn, thành phố Hồ Chí Minh",,"<p>Thời gian giao dịch<br />Thứ 2 đến thứ 6: 8h - 17h30 <br />Thứ 7: 8h - 12h</p>
<p>ĐT: 028 62856 856 <br />Fax: 028 62856 857</p>",10.8807033,106.6089659
CN Đồng Nai,"Số K23 đường Võ Thị Sáu, phường Thống Nhất,  thành phố Biên Hòa- tỉnh  Đồng Nai.",,<p>Thời gian giao dịch<br />Thứ 2 đến thứ 6: 7h30 - 17h <br />Thứ 7: 8h - 12h </p><p>ĐT: 0251.625.6666<br />Fax: 0251.625.7777</p>,10.9486848,106.8354524
PGD Nhơn Trạch,"Lô B-1, B-2, B-3, Khu dân cư Thăng Long Home Hiệp Phước, đường TL25B, Ấp 3, Xã  Hiệp Phước, Huyện Nhơn Trạch, Tỉnh Đồng Nai",,<p>Thời gian giao dịch<br />Thứ 2 đến thứ 6: 7h30 - 17h</p><p>ĐT: 0251.6264.888<br />Fax: 0251.6264.666</p>,10.7382264,106.95295369999997
PGD Tam Hiệp,"Số 76/8 đường  Phạm Văn Thuận, phường Tam Hiệp, thành phố  Biên Hòa - tỉnh Đồng Nai.",,<p>Thời gian giao dịch<br />Thứ 2 đến thứ 6: 7h30 - 17h</p><p>ĐT: 0251.6268.468<br />Fax: 0251.6268.768</p>,10.9575111,106.841288
PGD Tân Hòa,"Số 78/16, khu phố 8, phường Tân Hòa, thành phố Biên Hòa, tỉnh Đồng Nai",,<p>ĐT: 0251.625.1818<br />Fax: 0251.6251.717</p>,10.9676597,106.9099921
PGD Trảng Bom,"Số 8/3A Ấp Thanh Hóa, Xã Hố Nai 3, Huyện Trảng Bom. Tỉnh Đồng Nai ",,<p>Thời gian giao dịch<br />Thứ 2 đến thứ 6: 7h30 - 17h</p><p>ĐT: 02512.860.861 <br />Fax: 02512.860.869</p>,10.9668655,106.93571309999993
CN Bà rịa,"Số 86 - 88 đường Bạch Đằng, phường Phước Trung, thành phố Bà Rịa, tỉnh Bà Rịa – Vũng Tàu",,<p>Thời gian giao dịch<br />Thứ 2 đến thứ 6: 8h - 17h30 <br />Thứ 7: 8h - 12h </p><p>ĐT: 02546.256.868<br />Fax: 02546.257.257</p>,10.493045281322772,107.17121017298166
CN Cần Thơ,"Tầng 1, tầng 2 và tầng 7 tòa nhà Ngân hàng TMCP Quân Đội – Chi nhánh Cần Thơ, số 77, 77B Võ Văn Tần, phường Tân An, quận Ninh Kiều, thành phố Cần Thơ.",,<p>Thời gian giao dịch<br />Thứ 2 đến thứ 6: 7h30 - 17h <br />Thứ 7: 7h30 - 11h30 </p><p>ĐT: 0292 625 7777<br />Fax: 0292 625 6868</p>,10.03258170874146,105.78476374163256
MB Nam Cần Thơ,"Lô số K2-13 và K2-14 Khu dân cư Phú An (lô số 20), khu đô thị mới Nam Sông Cần Thơ, phường Phú Thứ, quận Cái Răng, thành phố Cần Thơ",,"<p>Thời gian giao dịch<br />Thứ 2 đến thứ 6: 7h30 - 17h</p>
<p>ĐT: 0292. 6295.577<br />Fax: 0292. 6295.599</p>",10.003588,105.800542
PGD Ninh Kiều,"Số 122 đường 3/2, phường Hưng Lợi ,quận Ninh Kiều, thành phố Cần Thơ",,<p>Thời gian giao dịch<br />Thứ 2 đến thứ 6: 7h30 - 17h</p><p>ĐT: 0292. 6250.949<br />Fax: 0292. 6250.948</p>,10.032156,105.774823
PGD Thốt Nốt,"Số 553, Quốc lộ 91, Khu vực Phụng Thạnh 1 , phường Thốt Nốt, quận Thốt Nốt, thành phố Cần Thơ",,<p>Thời gian giao dịch<br />Thứ 2 đến thứ 6: 7h30 - 17h</p><p>ĐT: 0292.6258 999<br />Fax: 0292.6258 333</p>,10.273559656863712,105.5312441475769
CN Bình Dương,"Số 306 Đại lộ Bình Dương, phường Phú Hòa, Thành phố Thủ Dầu Một, tỉnh Bình Dương",,<p>Thời gian giao dịch<br />Thứ 2 đến thứ 6: 7h30 - 17h30 <br />Thứ 7: 7h30 - 11h30 </p><p>ĐT: 0274.3.848.962 <br />Fax: 0274.3.848.964</p>,11.3254024,106.477017
PGD Sóng Thần,"Số 20 đường Nguyễn An Ninh, khu phố Nhị Đồng 2, phường Dĩ An, thị xã Dĩ An, tỉnh Bình Dương",,<p>Thời gian giao dịch<br />Thứ 2 đến thứ 6: 8h - 17h30 <br />Thứ 7: 8h - 12h </p><p>ĐT: 0274.2461.544<br />Fax: 0274.2461.546</p>,10.8722543,106.7551185
PGD Thuận An,"Số 9 đường  Nguyễn Văn Tiết, phường  Lái Thiêu, Thị xã Thuận An, Tỉnh Bình Dương",,<p>Thời gian giao dịch<br />Thứ 2 đến thứ 6: 8h - 17h30 <br />Thứ 7: 8h - 12h </p><p>ĐT: 0274.3636.681/82/83<br />Fax: 0274.3636.680</p>,10.9152924,106.7076337
MB Tân Uyên,Số 34- ĐT 746- Khu phố Khánh Thạnh- phường Tân Phước Khánh- Thành phố Tân Uyên- Tỉnh Bình Dương,,"<p>Thời gian giao dịch<br />Thứ 2 đến thứ 6: 8h - 17h30 <br />Thứ 7: 8h - 12h</p>
<p>ĐT: 0274.361.8881/82/83<br />Fax: 0274.361.8880</p>",10.9986471398041,106.710137066239
CN Nam Bình Dương,"Số 1 và số 3 đường D3, khu đô thị thương mại dịch vụ Sóng Thần, khu phố Thống Nhất 1, phường Dĩ An, thành phố Dĩ An, tỉnh Bình Dương",,"<p>Thời gian giao dịch<br />Thứ 2 đến thứ 6: 8h - 17h30 <br />Thứ 7: 8h - 12h</p>
<p>ĐT: 0274.3668. 868<br />Fax: 0274.2461.668</p>",10.9050759,106.7410277
CN An Giang,"Số 128 - 130 Đường Nguyễn Trãi, Phường Mỹ Long, Thành phố Long Xuyên, Tỉnh An Giang. ",,"<p>Thời gian giao dịch<br />Thứ 2 đến thứ 6: 7h30 - 17h30 <br />Thứ 7: 7h30 - 11h30</p>
<p>ĐT: 0296.625. 2111<br />Fax: 0296.625. 2333</p>",10.3796134,105.4408622
PGD Châu Phú,"Số nhà 534A, đường Quốc lộ 91, tổ 3, khóm Vĩnh Lộc, thị trấn Cái Dầu, huyện Châu Phú, tỉnh An Giang",,"<p>Thời gian giao dịch<br />Thứ 2 đến thứ 6: 7h30 - 17h <br />Thứ 7: 7h30 - 11h30</p>
<p>ĐT: 0296.626.7111<br />Fax: 0296.626.7333</p>",10.57716,105.2356898
MB Châu Đốc,"Số 205 đường Trưng Nữ Vương, khóm Châu Long 4, phường Châu Phú B, thành phố Châu Đốc, tỉnh An Giang",,"<p>Thời gian giao dịch<br />Thứ 2 đến thứ 6: 7h30 - 17h <br />Thứ 7: 7h30 - 11h30</p>
<p>ĐT: 02966.254.111<br />Fax: 02966.254.333</p>",10.7035892055416,105.114871127855
MB Đồng Tháp," Số 204 - 206 đường Nguyễn Huệ, Phường 1, Thành phố Cao Lãnh, Tỉnh Đồng Tháp",,"<p>Thời gian giao dịch<br />Thứ 2 đến thứ 6: 7h30 - 17h <br />Thứ 7: 7h30 - 11h30</p>
<p>ĐT: 0277 626 9999<br />Fax: 0277 626 8888</p>",10.457455,105.637631
PGD Hồng Ngự,"Số 66 - 68 đường Võ Văn Kiệt, phường An Thạnh, thị xã Hồng Ngự, tỉnh Đồng Tháp",,<p>Thời gian giao dịch<br />Thứ 2 đến thứ 6: 7h30 - 17h</p><p>ĐT: 0277 626 6668<br />Fax: 0277 626 6669</p>,10.8075042,105.3470379
CN Long An,"Số 122 - 124 đường Hùng Vương, phường 6, thành phố Tân An, tỉnh Long An ",,"<p>Thời gian giao dịch<br />Thứ 2 đến thứ 6: 7h30 - 17h <br />Thứ 7: 7h30 - 11h30</p>
<p>ĐT: 0272.6261.111<br />Fax: 0272.6252.222</p>",10.5458568,106.4012847
PGD Đức Hòa,"789E, tổ 5, ấp 5, xã Đức Hòa Đông, huyện Đức Hòa, tỉnh Long An",,<p>Thời gian giao dịch<br />Thứ 2 đến thứ 6: 8h - 17h <br />Thứ 7: 8h - 12h </p><p>ĐT: 0272.659.0999<br />Fax: 0272.659.0888</p>,10.8070414,106.4815898
MB Kiên Giang,"Lô B3 - 31,32,33,34,35,36 đường 3/2, phường Vĩnh Thanh Vân, thành phố Rạch Giá, tỉnh Kiên Giang",,"<p>Thời gian giao dịch<br />Thứ 2 đến thứ 6: 7h30 - 17h <br />Thứ 7: 7h30 - 11h30</p>
<p>ĐT: 0297 6266.366<br />Fax: 0297 6255.166</p>",10.000429082647067,105.0834436964026
MB Châu Thành,"Thửa đất số 58, tờ bản đồ số 21, khu phố Minh Long, thị trấn Minh Lương, huyện Châu Thành, tỉnh Kiên Giang",,"<p>Thời gian giao dịch<br />Thứ 2 đến thứ 6: 8h - 17h</p>
<p>ĐT: 0297 6266.966<br />Fax: 0297 6266.969</p>","9,8992875","105,1620941"
CN Phú Quốc,"Số 249-251 Nguyễn Trung Trực, Khu phố 5, thị trấn Dương Đông, huyện Phú Quốc, tỉnh Kiên Giang.",,<p>Thời gian giao dịch<br />Thứ 2 đến thứ 6: 7h30 - 17h <br />Thứ 7: 7h30 - 11h30 </p><p>ĐT: 02973.992994<br />Fax: 02973.992995</p>,10.2304532,103.9666115
CN Tây Ninh,"Số 225 Đường 30/4, Khu phố 1, Phường 1, Thành phố Tây Ninh, Tỉnh Tây Ninh ",,"<p>Thời gian giao dịch<br />Thứ 2 đến thứ 6: 7h30 - 17h <br />Thứ 7: 7h30 - 11h30</p>
<p>ĐT: 0276.626.9999.<br />Fax: 0276.626.7777</p>",11.3138911,106.0965229
MB Tân Biên,"Số 45 đường Nguyễn Văn Linh, khu phố 3, thị trấn Tân Biên, huyện Tân Biên, tỉnh Tây Ninh",,"<p>Thời gian giao dịch<br />Thứ 2 đến thứ 6: 7h30 - 17h</p>
<p>ĐT: 0276.625.8888<br />Fax: 0276.626.5555</p>","11,5396432","106,0058739"
PGD Tân Châu 1,"Số 95 Trần Văn Trà, khu phố 2, thị trấn Tân Châu, huyện Tân Châu, tỉnh Tây Ninh",,<p>Thời gian giao dịch<br />Thứ 2 đến thứ 6: 7h30 - 17h</p><p>ĐT: 0276.62.55.666<br />Fax: 0276.62.59.666</p>,11.5568671,106.1624836
PGD Gò Dầu,"Số 195 đường Xuyên Á, Khu phố Nội Ô B, thị trấn Gò Dầu, huyện Gò Dầu, tỉnh Tây Ninh",,<p>Thời gian giao dịch<br />Thứ 2 đến thứ 6: 7h30 - 17h</p><p>ĐT: 0276. 62.69.666 <br />Fax: 0276. 62.55.888</p>,11.0887527,106.2669247
CN Tiền Giang,"Số 116 đường Nam Kỳ Khởi Nghĩa, phường 1, thành phố Mỹ Tho, tỉnh Tiền Giang",,<p>Thời gian giao dịch<br />Thứ 2 đến thứ 6: 7h30 - 17h <br />Thứ 7: 7h30 - 11h30 </p><p>ĐT: 0273. 625.4466<br />Fax: 0273.625.4488</p>,10.356926868312597,106.36172813528219
PGD Cai Lậy,"Tầng trệt, tầng 2 tòa nhà công ty Cổ phần Dược phẩm CALAPHARCO, Quốc lộ 1, phường 4, thị xã Cai Lậy, tỉnh Tiền Giang.",,<p>Thời gian giao dịch<br />Thứ 2 đến thứ 6: 7h30 - 17h</p><p>ĐT: 0273.626.3939<br />Fax: 0273.625.3399</p>,10.4050639,106.1186715
MB Cà Mau,"Số 44 - 46 đường Hùng Vương, Phường 5, Thành phố Cà Mau, Tỉnh Cà Mau",,"<p>Thời gian giao dịch<br />Thứ 2 đến thứ 6: 7h30 - 17h <br />Thứ 7: 7h30 - 11h30</p>
<p>ĐT: 02906.251.999<br />Fax: 02906.258.555</p>","9,17937480727389","105,153482656122"
CN Lâm Đồng,"Số 26 Phan Đình Phùng, phường 1, thành phố  Đà Lạt, Tỉnh Lâm Đồng",,<p>Thời gian giao dịch<br />Thứ 2 đến thứ 6: 7h30 - 17h30 <br />Thứ 7: 7h30 - 11h30 </p><p>ĐT: 0263.626.8999<br />Fax: 0263.626.7999</p>,11.9504387,108.4341684
MB Đức Trọng,"Số 15 đường Phạm Văn Đồng, thị trấn Liên Nghĩa, huyện Đức Trọng, tỉnh Lâm Đồng",,"<p>Thời gian giao dịch<br />Thứ 2 đến thứ 6: 7h30 - 17h30</p>
<p>ĐT: 0263.626.8888<br />Fax: 0263.626.7799</p>","11,7302165","108,3727257"
CN Bình Thuận,"Tầng 1( tầng trệt) tòa nhà Viettel Bình Thuận, Khu dân cư Hùng Vương, đường Tôn Đức Thắng, phường Phú Thủy, thành phố  Phan thiết, tỉnh Bình Thuận",,<p>Thời gian giao dịch<br />Thứ 2 đến thứ 6: 7h30 - 17h30 <br />Thứ 7: 7h30 - 11h30 </p><p>ĐT: 0252.625.9999<br />Fax: 0252.625.8999</p>,10.939064911738017,108.11187125092624
CN Việt Trì,"Số 1596  đường Hùng Vương, Phường Gia Cẩm, Thành phố  Việt Trì, Tỉnh Phú Thọ",,<p>Thời gian giao dịch<br />Thứ 2 đến thứ 6: 7h30 - 17h30 <br />Thứ 7: 7h30 - 11h30 </p><p>ĐT: 0210.6256.566 <br />Fax: 0210.6256.667</p>,21.3202658,105.38677099999995
PGD Phú Hộ,"Số 63,  Khu 16, xã Phú Hộ, thị xã Phú Thọ - tỉnh Phú Thọ.",,<p>Thời gian giao dịch<br />Thứ 2 đến thứ 6: 8h - 17h30 </p><p>ĐT: 0210.3732.736 <br />Fax: 0210.3732.732</p>,21.439642675219712,105.25458295551152
PGD Nam Việt Trì,"Số 779 Đại Lộ Hùng Vương, phường Bến Gót, thành phố  Việt Trì - tỉnh Phú Thọ.",,<p>Thời gian giao dịch<br />Thứ 2 đến thứ 6: 8h - 17h30 </p><p>ĐT:  0210.6253.566  <br />Fax:  0210.6253.352</p>,21.3106452,105.4003766
PGD Đền Hùng,"Trạm khách T44, quân Khu II, khu 1, phường Vân Phú, thành phố Việt Trì, tỉnh Phú Thọ",,<p>Thời gian giao dịch<br />Thứ 2 đến thứ 6: 8h - 17h30 </p><p>ĐT: 0210.3817.666 <br />Fax: 0210.3817.979</p>,21.36200285527513,105.35044276690371
MB Lâm Thao,"Số 650 đường Âu Cơ, khu 5, thị trấn Hùng Sơn, huyện Lâm Thao, tỉnh Phú Thọ",,"<p>Thời gian giao dịch<br />Thứ 2 đến thứ 6: 8h - 17h30</p>
<p>ĐT: 0210.6263.333 <br />Fax: 0210.6263.366</p>",21.354863764137,105.293443630843
CN Nam Định,"Một phần tầng 1, tầng 3, tòa nhà đa năng số 625 đường Trần Hưng Đạo, Phường Lộc Vượng, Thành phố Nam Định, Tỉnh Nam Định",,<p>Thời gian giao dịch<br />Thứ 2 đến thứ 6: 8h - 17h30 <br />Thứ 7: 8h - 12h </p><p>ĐT: 0228.656.9999<br />Fax: 0228.625.5666</p>,20.433843929381393,106.16600527727053
CN Lạng Sơn,"Số 88-90 đường Trần Đăng Ninh, phường Hoàng Văn Thụ, thành phố Lạng Sơn, tỉnh Lạng Sơn",,<p>Thời gian giao dịch<br />Thứ 2 đến thứ 6: 7h30 - 17h30 <br />Thứ 7: 7h30 - 11h30 </p><p>ĐT: 0205.6265555<br />Fax: 0205.6253333</p>,21.854643905582783,106.75668913558195
CN Vũng Tàu,"Số 81 Nguyễn Thái Học, phường 7, thành phố Vũng Tàu, tỉnh Bà Rịa - Vũng Tàu",,<p>Thời gian giao dịch<br />Thứ 2 đến thứ 6: 7h30 - 17h30 <br />Thứ 7: 8h - 12h</p><p>ĐT: 0254.6250.505<br />Fax: 0254.6250.507</p>,10.36373172307809,107.08186406029665
MB Châu Đức,"Thửa đất 250, tờ bản đồ số 102, thị trấn Ngãi Giao, huyện Châu Đức, Tỉnh Bà Rịa -Vũng Tàu",,"<p>Thời gian giao dịch<br />Thứ 2 đến thứ 6: 7h30 - 17h <br />Thứ 7: 8h - 12h</p>
<p>ĐT: 0254.6250.028</p>",10.6420197603078,107.244594323507
PGD Rạch Dừa,"Số 478 đường 30/4, phường Rạch Dừa, thành phố  Vũng Tàu, Tỉnh Bà Rịa -Vũng Tàu.",,<p>Thời gian giao dịch<br />Thứ 2 đến thứ 6: 7h30 - 17h <br />Thứ 7: 7h30 - 11h30 </p><p>ĐT: 0254.6257.666.<br />Fax: 0254.6257.111</p>,10.398201166731267,107.11251477236942
CN Bình Phước,"Thửa đất số 225; 226, tờ bản đồ số 45, đường Phú Riềng Đỏ, phường Tân Thiện, thị xã Đồng Xoài, tỉnh Bình Phước",,<p>Thời gian giao dịch<br />Thứ 2 đến thứ 6: 7h30 - 17h30 <br />Thứ 7: 7h30 - 11h30 </p><p>ĐT: 0271.6265.678<br />Fax: 0271.6666.669</p>,11.5341971,106.8877219
Chi nhánh Sở Giao Dịch 3,"Tầng 2, Số 21 Cát Linh, phường Cát Linh, quận Đống Đa, thành phố Hà Nội.",,<p>Thời gian giao dịch<br />Thứ 2 đến thứ 6: 8h - 17h30 <br />Thứ 7: 8h - 12h </p><p>ĐT: 024 6253 5555<br />Fax: 024 6270 4888</p>,21.028609,105.8316787
Chi nhánh Sở Giao Dịch 1,"Một phần tầng 1, tầng 2 tòa nhà số 18 Lê Văn Lương, Phường Trung Hòa, Quận Cầu Giấy, Thành phố Hà Nội",,<p>Thời gian giao dịch<br />Thứ 2 đến thứ 6: 8h - 17h30 <br />Thứ 7: 8h - 12h </p><p>SĐT: 024 6260 2468</p>  <p> </p>  <p> </p>,21.007408227741386,105.80727830608214
MB Mê Linh,"Thửa đất số 715, tờ bản đồ số 46, tổ dân phố số 7, thị trấn Quang Minh, huyện Mê Linh, thành phố Hà Nội",,"<p>Thời gian giao dịch<br />Thứ 2 đến thứ 6: 8h - 17h30 <br />Thứ 7: 8h - 12h</p>
<p>ĐT:024.3200.5763</p>
<p>Fax: 024.3201.0465 </p>",21.193529,105.780567
PGD  Bà Điểm,"Số 10/2A Đường Nguyễn Ảnh Thủ, Ấp Hưng Lân, Xã Bà Điểm, Huyện Hóc Môn, thành phố Hồ Chí Minh",,<p>Thời gian giao dịch<br />Thứ 2 đến thứ 6: 8h - 17h30 </p><p>ĐT 028.6255.9944<br />Fax: 028.6255.8844</p>,10.848180,106.601149
PGD Phúc Yên,"Số 65, đường Trần Hưng Đạo, phường Hùng Vương, thành phố Phúc Yên, tỉnh Vĩnh Phúc ",,<p>Thời gian giao dịch<br />Thứ 2 đến thứ 6: 8h - 17h30 </p><p>Số điện thoại: 02113.868.328</p>  <p>Số fax: 02113.868.382</p>,21.2330022,105.7058465
MB Củ Chi,"Số 131, tỉnh lộ 8, khu phố 7, thị trấn Củ Chi, huyện Củ Chi, thành phố Hồ Chí Minh",,"<p>Thời gian giao dịch<br />Thứ 2 đến thứ 6: 8h - 17h30 <br />Thứ 7: 8h - 12h</p>
<p>Số điện thoại: 028.6268.5678</p>
<p>Số fax:028.2253.4626</p>",10.974638211645377,106.4972152933583
PGD Lê Lợi," Một phần diện tích tầng 1 tòa nhà số 6 Trưng Vương, Phường Lê Lợi, Thị xã Sơn Tây, Thành phố Hà Nội",,<p>Thời gian giao dịch<br />Thứ 2 đến thứ 6: 8h - 17h30 </p><p>Số điện thoại:024.3361.6660</p>  <p>Số fax:  024.3366.1665</p>,21.1418856,105.50847380000005
PGD Hải Hậu,"Tổ dân phố số 1, thị trấn Yên Định, huyện Hải Hậu, tỉnh Nam Định",,"<p>Thời gian giao dịch<br />Thứ 2 đến thứ 6: 8h - 17h30</p>
<p>ĐT: 0228.626.5999</p>
<p>Fax: 0228.626.4888</p>",20.1993705,106.2979599
CN Trà Vinh,"Số TRV-PG2-05, TRV-PG2-05A, TRV-PG2-06, khóm 3, phường 2, thành phố Trà Vinh, tỉnh Trà Vinh.",,<p>Thời gian giao dịch<br />Thứ 2 đến thứ 6: 7h30 - 17h <br />Thứ 7: 7h30 - 11h30 </p><p>Số điện thoại:0294.6513.888</p>  <p>Số Fax:0294.2460.077</p>,9.913954188846102,106.30983998775628
PGD Lý Thường Kiệt,"Số 27/2B đường Lý Thường Kiệt, thị trấn Hóc Môn, huyện Hóc Môn, thành phố Hồ Chí Minh",,"<p>Thời gian giao dịch<br />Thứ 2 đến thứ 6: 8h - 17h30 <br />Thứ 7: 8h - 12h</p>
<p>Số điện thoại: 028 62847 637</p>
<p>Số fax:028 62847 638</p>",10.8880736,106.5931433
MB Hiệp Phước,"Số 470 Nguyễn Văn Tạo, ấp 2, xã Long Thới, huyện Nhà Bè, thành phố Hồ Chí Minh",,"<p>Thời gian giao dịch<br />Thứ 2 đến thứ 6: 8h - 17h30</p>
<p>ĐT: 02862.874.874 <br />Fax: 02862.873.873</p>",10.648539468813185,106.73076650363846
MB Nam Bình Chánh,"Số 139 đường Nguyễn Hữu Trí, Khu phố 5, thị trấn Tân Túc, huyện Bình Chánh, thành phố Hồ Chí Minh",,"<p>Thời gian giao dịch<br />Thứ 2 đến thứ 6: 8h - 17h30</p>
<p>Số điện thoại: 028 62846768</p>
<p>Số fax:028 62846767</p>",10.695302,106.588560
MB Gò Công,"Thửa đất số 2100 và 2101, tờ bản đồ số 11, Khu phố 3, phường 2, thành phố Gò Công, tỉnh Tiền Giang",,"<p>Thời gian giao dịch<br />Thứ 2 đến thứ 6: 7h30 - 17h</p>
<p>Số điện thoại:0273.6250.787</p>
<p>Số fax:0273.6250.785</p>","10,3587476398449","106,674880051037"
CN Vĩnh Long,"Số 1D - 1E đường Hoàng Thái Hiếu, phường 1, thành phố Vĩnh Long, tỉnh Vĩnh Long",,<p>Thời gian giao dịch<br />Thứ 2 đến thứ 6: 7h30 - 17h <br />Thứ 7: 7h30 - 11h30 </p><p>Số điện thoại:0270.6260789</p>  <p>Số fax:0270.6260788</p>,10.254941542273526,105.97306157109449
PGD Duy Tiên,"Thửa đất số 02 tờ bản đồ PL số 07, khu tập thể xí nghiệp Giống cây trồng Trung Ương, Phường Đồng Văn, Thị xã Duy Tiên, Tỉnh Hà Nam",,<p>Thời gian giao dịch<br />Thứ 2 đến thứ 6: 7h30 - 17h</p><p>ĐT:0226.246.0246</p>  <p>Fax:0226.246.0899</p>,20.6465945,105.92429609999999
MB Chí Linh,"Số 6 phố Bà Triệu, KDC Trần Hưng Đạo, phường Sao Đỏ, thành phố Chí Linh, tỉnh Hải Dương",,"<p>Thời gian giao dịch<br />Thứ 2 đến thứ 6: 7h30 - 17h30</p>
<p>ĐT:  0220.3596.525<br />Fax: 0220.3596.111</p>",21.1097562810111,106.389956401676
PGD Ý Yên,"Thửa đất số ô M58 – mặt bằng QH chi tiết cụm CN Làng Nghề TMDV Phía nam TT Lâm, Huyện Ý Yên, Tỉnh Nam Định.",,<p>Thời gian giao dịch<br />Thứ 2 đến thứ 6: 8h - 17h30 </p><p>ĐT:0228.626.5666</p>,20.31477933971997,106.02306009345398
MB Mộc Châu,"Số 42 đường Lê Thanh Nghị, phường Thảo Nguyên, thị xã Mộc Châu, tỉnh Sơn La.",,"<p>Thời gian giao dịch<br />Thứ 2 đến thứ 6: 7h30 - 17h30</p>
<p>Số điện thoại:0212.656.3888</p>
<p>Số fax:0212.625.6888</p>",20.8372289,104.68119590000003
PGD Duy Xuyên,"Khu đô thị chợ Nam Phước, khối phố Long Xuyên 2, thị trấn Nam Phước, huyện Duy Xuyên, tỉnh Quảng Nam",,<p>Thời gian giao dịch<br />Thứ 2 đến thứ 6: 7h30 - 17h30 <br />Thứ 7: 8h - 12h</p><p>Số điện thoại:0235.6259.777</p>  <p>Số fax: 0235.6259.777</p>,15.843734363741223,108.28193879570085
PGD Lâm Hà,"Số 750 Hùng Vương, thị trấn Đinh Văn, huyện Lâm Hà, tỉnh Lâm Đồng.",,<p>Thời gian giao dịch<br />Thứ 2 đến thứ 6: 7h30 - 17h30</p><p>Số điện thoại:0263.2460.666</p>  <p>Số fax:0263.2460.666</p>,11.788207531522533,108.24363437533566
CN Thanh Trì,"Tầng 1 và tầng 1B của tòa nhà An & Huy tại địa chỉ: thửa đất số GD1-1, GD1-2, GD1-3 cụm công nghiệp Ngọc Hồi, xã Ngọc Hồi, huyện Thanh Trì, Hà Nội ",,<p>Thời gian giao dịch<br />Thứ 2 đến thứ 6: 8h - 17h30 <br />Thứ 7: 8h - 12h </p><p>Số điện thoại: 024.6668.3388</p>  <p>Số fax:024.6668.3366</p>,20.919524786255035,105.85199066143798
MB Nam Hồ Chí Minh,"Shophouse 88 - 90 - 92, The Park Residence - Phân khu 12 đường Nguyễn Hữu Thọ, xã Phước Kiển, huyện Nhà Bè, thành phố Hồ Chí Minh",,"<p>Thời gian giao dịch<br />Thứ 2 đến thứ 6: 8h - 17h30 <br />Thứ 7: 8h - 12h</p>
<p>Số điện thoại:028.3776.4747</p>
<p>Số fax:028.3776.4347</p>",10.7123309,106.7069312
CN Tân Tạo,"Số B3/16 - B3/17, quốc lộ 1A, ấp 2 Xã Tân Kiên, Huyện Bình Chánh, TP HCM",,<p>Thời gian giao dịch<br />Thứ 2 đến thứ 6: 8h - 17h30 <br />Thứ 7: 8h - 12h </p><p>Số điện thoại: 028.3756.5555</p>  <p>Số fax:028.3756.5556 </p>,10.71948271301392,106.5997346724937
CN Long Khánh,"Số 21 - 23 đường Nguyễn Trãi, khu phố 3, phường Xuân Hòa, thành phố Long Khánh, tỉnh Đồng Nai",,"<p>Thời gian giao dịch<br />Thứ 2 đến thứ 6: 7h30 - 17h <br />Thứ 7: 7h30 - 11h30</p>
<p>ĐT: 0251.628.2222<br />Fax: 0251.626.2222</p>",10.9223001,107.2408518
CN Sóc Trăng,"Số 26 Lê Duẩn, khóm 7, phường 3, thành phố Sóc Trăng, tỉnh Sóc Trăng",,<p>Thời gian giao dịch<br />Thứ 2 đến thứ 6: 7h30 - 17h <br />Thứ 7: 7h30 - 11h30 </p><p>Số điện thoại:0299 6266888</p>  <p>Số fax:0299 6266969</p>,9.593244405164148,105.97492043226316
MB Nam Khánh Hòa,"Số 151 đường Nguyễn Chí Thanh, Phường Cam Nghĩa, TP Cam Ranh, Tỉnh Khánh Hòa",,"<p>Thời gian giao dịch<br />Thứ 2 đến thứ 6: 7h30 - 17h30 <br />Thứ 7: 7h30 - 11h30</p>
<p>ĐT: 0258.3973.737<br />Fax: 0258.3973.738</p>",11.987519894266985,109.1932733245369
CN Phú Yên,"Số 99A - 101 đường Hùng Vương, phường 6, thành phố Tuy Hòa, tỉnh Phú Yên",,<p>Thời gian giao dịch<br />Thứ 2 đến thứ 6: 7h30 - 17h30 <br />Thứ 7: 7h30 - 11h30 </p><p>Số điện thoai:0257.626.9999</p>  <p>Số fax:0257.6269269</p>,13.08917,109.31430268220902
CN Bến Tre,"Thửa đất số 266, Tờ bản đồ số 38, Phường Phú Khương, Thành phố Bến Tre, tỉnh Bến Tre ",,"<p>Thời gian giao dịch<br />Thứ 2 đến thứ 6: 7h30 - 17h <br />Thứ 7: 7h30 - 11h30</p>
<p>Số điện thoại:0275.625.6666</p>
<p>Số fax:0275.625.7777</p>",10.2249563,106.373362
PGD Buôn Hồ,"Số 683 - 685 đường Hùng Vương, phường An Lạc, thị xã Buôn Hồ, tỉnh Đắk Lắk",,"<p>Thời gian giao dịch<br />Thứ 2 đến thứ 6: 7h30 - 17h30</p>
<p>Số điện thoại:0262.625.0666</p>
<p>Số fax:0262.625.0555</p>",12.9091963,108.2660521
PGD Chư Sê,"Số 868 đường Hùng Vương, thị trấn Chư Sê, huyện Chư Sê, Tỉnh Gia Lai",,<p>Thời gian giao dịch<br />Thứ 2 đến thứ 6: 7h30 - 17h30</p><p>Số điện thoại:0269.2223.999</p>  <p>Số fax:0269.2220.009</p>,.,.
PGD Bắc Bình,"Số 433 đường Nguyễn Tất Thành, khu phố Xuân Hội, Thị trấn Chợ Lầu, Huyện Bắc Bình, tỉnh Bình Thuận",,<p>Thời gian giao dịch<br />Thứ 2 đến thứ 6: 7h30 - 17h30</p><p>Số điện thoại:0252.626.8686</p>  <p>Số fax:0252.248.1686</p>,11.22162842254925,108.49989588088988
PGD Bình Long,"Thửa đất số 204, Tờ bản đồ 35, khu phố Phú Trung, phường An Lộc, thị xã Bình Long, tỉnh Bình Phước",,<p>Thời gian giao dịch<br />Thứ 2 đến thứ 6: 7h30 - 17h30</p><p>Số điện thoại:02716260668</p>  <p>Số fax: 02716260669</p>,10.7773512,106.64239350000003
PGD Phước Long,"Thửa đất số 16, tờ bản đồ số 03, khu phố 5, phường Long Phước, thị xã Phước Long, tỉnh Bình Phước ",,<p>Thời gian giao dịch<br />Thứ 2 đến thứ 6: 7h30 - 17h30</p><p>Số điện thoại:0271.626.0099</p>  <p>Số fax:0271.626.0088</p>,11.8175989,106.98899040000003
MB Bến Cát,"Số 432 đường 30/4 khu phố 2, phường Mỹ Phước, thành phố Bến Cát Tỉnh Bình Dương",,"<p>Thời gian giao dịch<br />Thứ 2 đến thứ 6: 8h - 17h30</p>
<p>Số điện thoại:0274.3579.790</p>
<p>Số fax:0274.3579.793</p>",11.1531979737998,106.590023338999
MB Uyên Hưng,"Thửa đất số 53 tờ bản đồ 10, đường ĐT 747, phường Uyên Hưng, thành phố Tân Uyên, tỉnh Bình Dương",,"<p>Thời gian giao dịch<br />Thứ 2 đến thứ 6: 8h - 17h30</p>
<p>Số điện thoại:0274.246.1268</p>
<p>Số fax:0274.246.1265</p>",11.064151710374,106.796043382981
PGD Chợ Mới,"Tỉnh lộ 942, Ấp Thị, Thị trấn Chợ Mới, huyện Chợ Mới, tỉnh An Giang",,<p>Thời gian giao dịch<br />Thứ 2 đến thứ 6: 7h30 - 17h <br />Thứ 7: 7h30 - 11h30 </p><p>Số điện thoại:02966.257.555</p>  <p>Số fax:02966.257.333</p>,10.547882001604592,105.402858865329
PGD KCNC Hòa Lạc,"Tầng 1, Tòa nhà Công ty TNHH MTV Phát triển Khu CNC Hòa Lạc, Khu Công nghệ cao Hòa Lạc, Km29, Đại lộ Thăng Long, xã Thạch Hòa, Huyện Thạch Thất, TP Hà Nội.",,<p>Thời gian giao dịch<br />Thứ 2 đến thứ 6: 8h - 17h30 </p><p>ĐT: 024.359.63888<br />Fax: 024.359.75999</p>,21.007833,105.53108220000001
MB Văn Lâm,"Thửa đất số 453 và 454, tờ bản đồ số 05, Khu Trung tâm thương mại Như Quỳnh, thị trấn Như Quỳnh, huyện Văn Lâm, tỉnh Hưng Yên",,"<p>Thời gian giao dịch<br />Thứ 2 đến thứ 6: 8h - 17h</p>
<p>ĐT: 0221.3786.333<br />Fax: 0221.3786.111</p>",20.9826228779859,105.982460730579
CN Thái Nguyên,"Tầng 1, tầng 2 tòa nhà số 679 đường Lương Ngọc Quyến, tổ 22, phường Phan Đình Phùng, thành phố Thái Nguyên, tỉnh Thái Nguyên",,<p>Thời gian giao dịch<br />Thứ 2 đến thứ 6: 8h - 17h30 <br />Thứ 7: 8h - 12h </p><p>ĐT: 0208.626.9999<br />Fax: 0208.626.9955</p>,21.5815996,105.83664399999998
MB Thái Thụy,"Số 488-490-492 đường 3 tháng 2, thị trấn Diêm Điền, huyện Thái Thụy, tỉnh Thái Bình",,"<p>Thời gian giao dịch<br />Thứ 2 đến thứ 6: 8h - 17h</p>
<p>ĐT:02276 272 333 <br />Fax:02276 272 777</p>",20.5577977321967,106.561866887088
PGD Trần Phú (Hà Tĩnh),"Tầng 1, tầng 2 tòa nhà tại thửa đất số 63, tờ bản đồ số 5, tổ dân phố 2, phường Trần Phú, Thành phố Hà Tĩnh, tỉnh Hà Tĩnh",,<p>Thời gian giao dịch<br />Thứ 2 đến thứ 6: 7h30 - 17h30</p><p>ĐT: 02393.722.286<br />Fax: 02393.722.289</p>,18.345168516662895,105.88890160740971
MB Bảo Lộc,"Số 294 đường Trần Phú, phường 1, thành phố Bảo Lộc, tỉnh Lâm Đồng",,"<p>Thời gian giao dịch<br />Thứ 2 đến thứ 6: 7h30 - 17h30 <br />Thứ 7: 7h30 - 11h30</p>
<p>ĐT: 0263.626.0077<br />Fax: 0263.626.0068</p>",11.5403666,107.8124842
PGD Di Linh,"Số 725 đường Hùng Vương, Thị trấn Di Linh, Huyện Di Linh, Tỉnh Lâm Đồng ",,<p>Thời gian giao dịch<br />Thứ 2 đến thứ 6: 7h30 - 17h30</p><p>ĐT: 02632.460.186<br />Fax: 02632.460.186</p>,11.590121473355095,108.07875626826171
PGD An Thới,"Số 54-56-58 đường Nguyễn Văn Cừ, khu phố 3, thị trấn An Thới, huyện Phú Quốc, tỉnh Kiên Giang ",,<p>Thời gian giao dịch<br />Thứ 2 đến thứ 6: 7h30 - 17h <br />Thứ 7: 7h30 - 11h30 </p><p>ĐT: 02973.662.662<br />Fax: 02973.999.595</p>,10.0182147,104.01496850000001
PGD Long Điền,"Số 48, Tổ 6, Ấp Lò Vôi, Xã Phước Hưng, Huyện Long Điền, Tỉnh Bà Rịa – Vũng Tàu ",,<p>Thời gian giao dịch<br />Thứ 2 đến thứ 6: 7h30 - 17h <br />Thứ 7: 8h - 12h </p><p>ĐT: 0254.6256.969<br />Fax: 0254.6256.777</p>,10.415836,107.214754
PGD Cư Mgar,"Số 66 đường Hùng Vương, Thị trấn Quảng Phú, Huyện Cư M’gar, Tỉnh Đắk Lắk ",,<p>Thời gian giao dịch<br />Thứ 2 đến thứ 6: 7h30 - 17h30</p><p>ĐT: 0262.2490.777<br />Fax: 0262.2490.567</p>,12.8149346,108.07529390000002
CN Long Thành,"Thửa đất số 49, tờ bản đồ số 57 (11-3) - Số 301, Lê Duẩn, khu Phước Hải, thị trấn Long Thành, huyện Long Thành, tỉnh Đồng Nai. ",,"<p>Thời gian giao dịch<br />Thứ 2 đến thứ 6: 7h30 - 17h <br />Thứ 7: 8h - 12h</p>
<p>ĐT: 0251.6264.888<br />Fax: 0251.6264.666</p>",10.7825084,106.95112470000004
CN Tây Đô,Số 43 - Đường CMT8 - An Thới - Bình Thủy - TP. Cần Thơ,,"<p>Thời gian giao dịch<br />Thứ 2 đến thứ 6: 7h30 - 17h <br />Thứ 7: 7h30 - 11h30</p>
<p>ĐT: 0292. 6251.878<br />Fax: 0292. 6251.877</p>","10,0608966","105,7641282"
PGD Hoàng Diệu,"27/21 đường 7B, phường Phước Long, thành phố Nha Trang, tỉnh Khánh Hòa",,<p>Thời gian giao dịch<br />Thứ 2 đến thứ 6: 7h30 - 17h30</p><p>ĐT: 0258.6509.177<br />Fax: 0258.6263.366</p>,12.218663087681158,109.19546430727087
CN Hoài Đức,"Lô A38-NV16 ô số 11 và ô số 12, Khu đô thị mới hai bên đường Lê Trọng Tấn, Xã An Khánh, Huyện Hoài Đức, Thành phố Hà Nội",,<p>Thời gian giao dịch<br />Thứ 2 đến thứ 6: 8h - 17h30 <br />Thứ 7: 8h - 12h </p><p>ĐT: 024 32029069<br />Fax: 024 32029069</p>,20.998624,105.731578
PGD Xuân Lộc,"Số 132 Đường Hùng Vương, Khu phố 5, Thị trấn Gia Ray, Huyện Xuân Lộc, Tỉnh Đồng Nai ",,<p>Thời gian giao dịch<br />Thứ 2 đến thứ 6: 8h - 17h</p><p>ĐT: 0251.2220.888<br />Fax: 0251.6500.999</p>,10.919777,107.401641
MB Nam Quảng Ngãi,"Thôn Thạch Trụ Tây, Xã Đức Lân, Huyện Mộ Đức, Tỉnh Quảng Ngãi",,"<p>Thời gian giao dịch<br />Thứ 2 đến thứ 6: 7h30 - 17h30</p>
<p>ĐT: 0255.3934.567<br />Fax: 0255.3935.789</p>",14.88996284591127,108.92025683955615
PGD Kinh Môn,"Thưa đất số 226 tờ bản đồ số 05, Phường An Lưu, Thị xã Kinh Môn, Tỉnh Hải Dương",,<p>Thời gian giao dịch<br />Thứ 2 đến thứ 6: 7h30 - 17h30</p><p>ĐT: 0220.3524.888<br />Fax: 0220.3524.866</p>,20.998237478360263,106.54162896131595
MB Yên lạc,"Một phần tầng 1 tòa nhà Kết Hiền, số 211 đường Dương Tĩnh, Thị trấn Yên Lạc, huyện Yên Lạc, tỉnh Vĩnh Phúc",,"<p>Thời gian giao dịch<br />Thứ 2 đến thứ 6: 8h - 17h30</p>
<p>ĐT: 0211.3535.333<br />Fax: 0211.3535.111</p>",21.2314350640407,105.573740301853
PGD Vân Đồn,"Số nhà 404 –  406, Tổ 1, khu 7, Thị trấn Cái Rồng, Huyện Vân Đồn, Tỉnh Quảng Ninh",,<p>Thời gian giao dịch<br />Thứ 2 đến thứ 6: 8h - 17h</p><p>ĐT: 0203.3900239<br />Fax: 0203.3900236</p>,21.067830944526698,107.42369097357175
MB Nghi Sơn,"Số nhà 100 đường Đào Duy Từ, tiểu khu 5, phường Hải Hòa, thị xã Nghi Sơn, tỉnh Thanh Hóa",,<p>Thời gian giao dịch: Thứ 2 đến thứ 6: 7h30 - 17h30 ĐT: 0237.3975.885 Fax: 0237.3975.888</p>,19.4439913,105.7768289
MB Nghĩa Hưng,"Số 06 đường Trần Hưng Đạo, thị trấn Liễu Đề, huyện Nghĩa Hưng, tỉnh Nam Định",,"<p>Thời gian giao dịch<br />Thứ 2 đến thứ 6: 8h - 17h30</p>
<p>ĐT: 0228.625.0442<br /> Fax: 0228.6255.666</p>",20.2168092331832,106.182034716596
PGD Quận 10,"Tầng trệt, tầng 1 tầng 2 số 327-329 Tô Hiến Thành, phường 13, quận 10, thành phố Hồ Chí Minh.",,<p>Thời gian giao dịch<br />Thứ 2 đến thứ 6: 8h - 17h30 <br />Thứ 7: 8h - 12h </p><p>ĐT: 028.38621023<br />Fax: 028.38621026</p>,10.77894797041386,106.66723608970642
MB Bình Minh,"Số 79A - 79B, đường Nguyễn Văn Thảnh, tổ 6, Khóm 2, phường Cái Vồn, thị xã Bình Minh, tỉnh Vĩnh Long",,"Thời gian giao dịch
Thứ 2 đến thứ 6: 8h - 17h30
SĐT: 0270 3890 333
Fax:  0270 3890 366","10,069327","105,815999"
MB Chơn Thành,"Thửa đất số 30, tờ bản đồ số 47, khu phố 4, phường Minh Thành, thị xã Chơn Thành, tỉnh Bình Phước",,"<p>ĐT: 0271 3690 999<br />Fax: 0271 3690 999</p>
<p>Thời gian giao dịch</p>
<p>Từ thứ 2 đến thứ 6: 8h - 17h30</p>",11.4336987,106.6490746
MB Điện Biên,"Số 930 đường Võ Nguyên Giáp, tổ 3, phường Mường Thanh, thành phố Điện Biên Phủ, tỉnh Điện Biên",,"<p>Thời gian giao dịch:</p>
<p>Thứ 2 - Thứ 6</p>
<p>8h00 - 17h30</p>
<p>ĐT: 0215 395 9999</p>",21.3857921,103.0149243
MB Ninh Thuận,"Số 398 đường Thống Nhất, phường Kinh Dinh, thành phố Phan Rang - Tháp Chàm, tỉnh Ninh Thuận",,"<p>Thời gian giao dịch</p>
<p>Từ thứ 2 đến thứ 6: 8h đến 17h30</p>
<p>Thứ 7: 8h đến 12h</p>
<p>ĐT: 0263.626.0077<br />Fax: 0263.626.006</p>",11.5677671,108.9907234
MB Bến Lức,"Số 239 Nguyễn Hữu Thọ, khu phố 2, thị trấn Bến Lức, huyện Bến Lức, tỉnh Long An",,"<p>Thời gian giao dịch</p>
<p>Từ thứ 2 đến thứ 6</p>
<p>8h00 đến 17h30</p>
<p>ĐT: 0272 386 3666<br />Fax: 0272 386 1666</p>",10.6433401,106.4828151
MB Bạc Liêu,"Số 370 - 372 Trần Phú, phường 7, thành phố Bạc Liêu, tỉnh Bạc Liêu",,"<p>Thời gian giao dịch từ thứ 2 - thứ 7</p>
<p>8h00 - 17h30</p>
<p>ĐT: 02916 288868<br />Fax: 02916 288868</p>",9.2985924,105.7212426
MB Đông Bình Chánh,"Số 495 đường Quốc Lộ 50, ấp 1, xã Bình Hưng, huyện Bình Chánh, TP. Hồ Chí Minh",,"<p>ĐT: 0283.7589.958<br />Fax: 0283.6203.320</p>
<p>Thời gian giao dịch<br />Thứ 2 đến thứ 6: 8h - 17h30</p>","10,7299504","106,6558708"
MB Tân Quy,"Số 181 đường Tỉnh Lộ 15, ấp 1A, xã Tân Thạnh Tây, huyện Củ Chi, TP. Hồ Chí Minh",,"<p>ĐT: 02866.867.378 <br />Fax: 02866.868.893</p>
<p>Thời gian giao dịch<br />Thứ 2 đến thứ 6: 8h - 17h30<br />Thứ 7: 8h - 12h</p>
<p> </p>","10,9854537","106,5756052"
MB Vĩnh Lộc,"Số D3/11A đường Nguyễn Thị Tú, ấp 4, xã Vĩnh Lộc B, huyện Bình Chánh, TP. Hồ Chí Minh",,"<p>ĐT: 0283.5359.693<br />Fax: 0283.5359.673</p>
<p>Thời gian giao dịch<br />Thứ 2 đến thứ 6: 8h - 17h30<br />Thứ 7: 8h - 12h</p>","10,814292","106,5803836"
MB Phú Xuân,"Số 2049 Huỳnh Tấn Phát, khu phố 6, thị trấn Nhà Bè, huyện Nhà Bè, TP. Hồ Chí Minh",,"<p>Thời gian giao dịch<br />Thứ 2 đến thứ 6: 8h - 17h30<br />Thứ 7: 8h - 12h</p>
<p>ĐT: 0286.2874.874<br />Fax: 0286.2873.873</p>","10,695111",106.7401642
MB Sông Cầu,"Số 319 đường Phạm Văn Đồng, khu phố Long Hải Nam, phường Xuân Phú, thị xã Sông Cầu, tỉnh Phú Yên ",,"<p>Thời gian giao dịch<br />Thứ 2 đến thứ 6: 7h30 - 17h30<br />Thứ 7: 7h30 - 11h30</p>
<p>ĐT: 0257.247.9999<br />Fax: 0257.123.9999</p>",13.449010,109.21739
MB Cần Giuộc,"Số 571-573 Quốc lộ 50, khu phố 2, thị trấn Cần Giuộc, huyện Cần Giuộc, tỉnh Long An",,"<p>Thời gian giao dịch<br />Thứ 2 đến thứ 6: 8h - 17h30</p>
<p>ĐT: 0272 391 2279<br />Fax: 0272 391 2179</p>",10.607015,106.671447
MB Bắc Hà Nội,"Shophouse 01 và 02, Khối đế chung cư cao tầng kết hợp thương mại dịch vụ Sunshine Golden River, lô đất CT02A, Khu đô thị Nam Thăng Long, phường Phú Thượng, quận Tây Hồ, Thành phố Hà Nội",,"<p>Thời gian giao dịch<br />Thứ 2 đến thứ 6: 8h - 17h30</p>
<p>ĐT: 024.3355.2999<br />Fax: 024.3355.2899</p>",21.0846114278832,105.806191013167
MB Quế Võ,"Số 463 đường Trần Hưng Đạo, phường Phượng Mao, thị xã Quế Võ, tỉnh Bắc Ninh",,"<p>Thời gian giao dịch </p>
<p>Thứ 2 đến Thứ 6: 8h - 17h30</p>
<p>ĐT: 0222.3656333<br />Fax: 0222.3656222</p>",21.1543050428143,106.146035967529
MB Kinh Bắc,"Tầng 1, tầng 2 Công ty TNHH Nam Hồng, đường Trần Phú, phường Đình Bảng, thành phố Từ Sơn, tỉnh Bắc Ninh",,"<p>Thời gian giao dịch</p>
<p>Thứ 2 đến thứ 6: 8h - 17h30</p>
<p>Thứ 7: 8h - 12h</p>
<p>ĐT/Fax: 02593 822999</p>",21.113873902427,105.952562188976
MB Đắk Nông,"Số 79 đường 23/3, phường Nghĩa Tân, thành phố Gia Nghĩa, tỉnh Đắk Nông",,"<p>Thời gian giao dịch</p>
<p>Thứ 2 đến thứ 6: 7h30 - 17h30</p>
<p>Thứ 7: 7h30 - 11h30</p>
<p>ĐT: 0261.2227979<br />Fax: 0261.6557979</p>",12.002359,107.684572
MB Kon Tum,"Số 934 đường Phan Đình Phùng, phường Quyết Thắng, thành phố Kon Tum, tỉnh Kon Tum",,"<p>Thời gian giao dịch</p>
<p>Thứ 2 đến thứ 6: 7h30 - 17h00</p>
<p>Thứ 7: 7h30 - 11h30</p>
<p>ĐT: 0260.6297979<br />Fax: 0260.6297979</p>",14.3511147391743,108.000325185952
MB Cao Bằng,"Số 085 - 087 phố Kim Đồng, tổ 12, phường Hợp Giang, thành phố Cao Bằng, tỉnh Cao Bằng",,"<p>Thời gian hoạt động:</p>
<p>Từ thứ 2 đến thứ 6: 7h30 đến 17h30</p>
<p>Thứ 7: 7h30 đến 11h30</p>
<p>Điện thoại: 0206 657 8888 </p>",22.6631734091541,106.260375981767
MB Nam Bình Thuận,"Số 169 - 169A đường Thống Nhất, khu phố 1, phường Tân Thiện, thị xã La Gi, tỉnh Bình Thuận",,"<p>Thời gian giao dịch:</p>
<p>Từ thứ 2 đến thứ 6: 7h30 đến 17h30</p>
<p>ĐT: 0252.3686.888</p>",10.6644601667714,107.767063457041
MB Hậu Giang,"Lô L1-06, L1-07, L3-01A TTTM Vincom Plaza Hậu Giang, khu vực 3, phường V, thành phố Vị Thanh, tỉnh Hậu Giang",,"<p>Thời gian giao dịch</p>
<p>Thứ 2 đến thứ 6: 7h30 - 17h00</p>
<p>Thứ 7: 7h30 - 11h30</p>
<p>ĐT: 0293 2209999</p>",9.78375874688201,105.469269748639
MB Xuyên Mộc,"Số 119-119A, Quốc lộ 55, thị trấn Phước Bửu, huyện Xuyên Mộc, tỉnh Bà Rịa Vũng Tàu",,"<p>Thời gian giao dịch</p>
<p>Thứ 2 đến thứ 6: 8h - 17h30</p>
<p>Thứ 7: 8h - 12h</p>
<p>ĐT: 0254 6253979</p>",10.5349920217363,107.39835385994
MB Sa Đéc,"Thửa đất số 240-241-242, tờ bản đồ số 47, đường Nguyễn Hữu Cảnh, phường 1, thành phố Sa Đéc, tỉnh Đồng Tháp",,"<p>Thời gian giao dịch</p>
<p>Thứ 2 đến thứ 6: 8h - 17h00</p>
<p>ĐT: 0277 3598888</p>",10.2906832741655,105.764422404322
MB Thanh Oai,"Số 169, tổ 3, thị trấn Kim Bài, huyện Thanh Oai, thành phố Hà Nội",,"<p>Thời gian giao dịch</p>
<p>Thứ 2 đến thứ 6: 8h - 17h30</p>
<p>Thứ 7: 8h - 12h</p>
<p>ĐT: 0243 2115090</p>",20.851324171838,105.769468992619
MB Quốc Oai,"Xóm 11, xã Thạch Thán, huyện Quốc Oai, thành phố Hà Nội",,"<p>Thời gian giao dịch</p>
<p>Thứ 2 đến thứ 6: 8h - 17h30</p>
<p>ĐT: 0243 3262628</p>",20.9919548266452,105.639093317503
MB Hoài Nhơn,"Số 2669-2671 đường Quang Trung, phường Bồng Sơn, thị xã Hoài Nhơn, tỉnh Bình Định",,"<p>Thời gian hoạt động</p>
<p>Thứ 2 - thứ 6: 7h30 - 17h30</p>
<p>Thứ 7: 7h30 - 11h30</p>
<p>ĐT: 0256 3901099</p>
<p> </p>",14.4366902683605,109.018121862088
